OID_,ID,Z_start,Z_end,Weight,Esc,Total,LConn,LLen,LFrac,LAC,LSin,LBear,HMf,HMb,MHDWp200,NQPDHWp200,BtHWp200,TPBtHWp200,TPDWp200,Lnk200,Len200,AngD200,WtWp200,Jnc200,Con200,MGLHWp200,MCFWp200,DivHWp200,HullA200,HullP200,HullR200,HullB200,HullSI200,MHDWp400,NQPDHWp400,BtHWp400,TPBtHWp400,TPDWp400,Lnk400,Len400,AngD400,WtWp400,Jnc400,Con400,MGLHWp400,MCFWp400,DivHWp400,HullA400,HullP400,HullR400,HullB400,HullSI400,MHDWp600,NQPDHWp600,BtHWp600,TPBtHWp600,TPDWp600,Lnk600,Len600,AngD600,WtWp600,Jnc600,Con600,MGLHWp600,MCFWp600,DivHWp600,HullA600,HullP600,HullR600,HullB600,HullSI600,MHDWp800,NQPDHWp800,BtHWp800,TPBtHWp800,TPDWp800,Lnk800,Len800,AngD800,WtWp800,Jnc800,Con800,MGLHWp800,MCFWp800,DivHWp800,HullA800,HullP800,HullR800,HullB800,HullSI800,MHDWp1000,NQPDHWp1000,BtHWp1000,TPBtHWp1000,TPDWp1000,Lnk1000,Len1000,AngD1000,WtWp1000,Jnc1000,Con1000,MGLHWp1000,MCFWp1000,DivHWp1000,HullA1000,HullP1000,HullR1000,HullB1000,HullSI1000,MHDWpn,NQPDHWpn,BtHWpn,TPBtHWpn,TPDWpn,Lnkn,Lenn,AngDn,WtWpn,Jncn,Conn,MGLHWpn,MCFWpn,DivHWpn,HullAn,HullPn,HullRn,HullBn,HullSIn,OBJECTID,Shape_Length_1,ID_1,Gate,Z_start_1,Z_end_1,Weight_1,Esc_1,Shade,Width,Total_1,Shape_Length
1,822,34.8468018,34.8468018,128.0000000,0.0000000,1.5000000,5.0000000,8.3457813,1.0000000,38.1781197,1.0569863,150.9798584,17.4464645,17.4464645,140.6530609,184.9439850,24966742.0000000,1800.1354980,127.4535599,71.0000000,427.2348328,1590.3266602,17808.0000000,48.0000000,152.0000000,48.3931122,34.6993828,1.3750066,2760.3713379,222.7357483,58.8552971,143.0309601,1.4302188,297.1222534,690.1744995,533509088.0000000,4172.8989258,143.9969635,414.0000000,4955.2763672,9835.3457031,172711.0000000,239.0000000,762.0000000,98.7388535,34.7374687,3.2852287,53110.9218750,938.6889648,258.2027588,345.5132751,1.3202304,375.7432251,925.6758423,1299303552.0000000,4983.9404297,139.2273102,923.0000000,22094.9179688,23227.3496094,287616.0000000,526.0000000,1694.0000000,160.5599823,61.5528564,3.1339922,986277.5625000,3806.0195312,766.1457520,23.2633572,1.1687807,436.8714294,1004.1904907,1608891776.0000000,4950.2255859,130.5791779,1636.0000000,57135.6132812,52968.5859375,345437.0000000,969.0000000,3103.0000000,295.3484802,151.3839874,2.8841932,3215165.2500000,6745.9633789,1396.5463867,119.4269867,1.1263536,496.1989746,1063.4520264,1987729664.0000000,4977.3471680,124.7796402,2183.0000000,81304.8671875,80749.6796875,397779.0000000,1223.0000000,3907.0000000,421.8498840,226.0940094,2.7325487,3922915.7500000,7218.7329102,1455.1240234,117.9208755,1.0570685,759.6218872,1239.1702881,3205066240.0000000,5225.5434570,128.0000000,2731.0000000,108522.4218750,109027.3437500,613346.0000000,1463.0000000,4716.0000000,865.0379639,393.1521912,2.6206343,5539375.0000000,8738.8583984,2059.8798828,163.5324554,1.0970812,822,,,none,,,,,1.0000000,0.5000000,,8.345780991691679
2,835,34.8468018,34.8468018,128.0000000,0.0000000,1.5000000,5.0000000,3.0190959,0.9999999,38.6320305,1.0488393,179.8387756,15.6191730,15.6191730,149.6945496,103.4816208,1750229.3750000,370.2247314,124.1606445,46.0000000,301.9226990,1390.9045410,8639.0000000,30.0000000,95.0000000,37.4870644,25.7486782,1.4142394,2727.9807129,217.9219513,66.0911636,124.2802353,1.3853222,322.4743042,421.9446106,31592790.0000000,440.1955872,95.6884995,265.0000000,2632.8425293,6021.3964844,113160.0000000,164.0000000,524.0000000,89.7677383,31.0334282,3.2953463,14062.2783203,540.4733887,183.7402954,19.7664070,1.6530389,414.9598083,712.5601196,132436120.0000000,560.3598022,119.4106750,705.0000000,14412.1074219,16937.9472656,253332.0000000,404.0000000,1297.0000000,139.4613342,50.7647362,3.3354063,570079.2500000,3085.7949219,739.5449219,22.7317028,1.3291960,458.4825745,792.1387329,188556304.0000000,595.3878174,114.2087173,1288.0000000,42985.5820312,39852.0156250,306061.0000000,746.0000000,2397.0000000,202.7079468,87.5989838,3.1601152,2234829.2500000,5658.6665039,1096.6484375,122.8882751,1.1401814,540.3248901,876.9209595,234040784.0000000,598.0501099,116.0184174,2073.0000000,75879.4062500,73272.0468750,380271.0000000,1173.0000000,3750.0000000,377.0807190,199.7925415,2.8645554,3544247.0000000,6879.8442383,1405.8011475,119.4142151,1.0627310,826.2744751,1060.2332764,392333920.0000000,639.6616211,128.0000000,2731.0000000,108522.4218750,109027.3437500,613346.0000000,1463.0000000,4716.0000000,869.6588745,393.2401428,2.6801877,5539375.0000000,8738.8583984,2066.3193359,163.3475342,1.0970812,835,,,none,,,,,1.0000000,0.5000000,,3.019095883467149
3,860,34.8468018,34.8468018,128.0000000,0.0000000,1.5000000,4.0000000,12.8316011,1.0000000,86.8940659,1.1421356,1.7837141,37.3971252,37.3971252,79.9818420,76.4284744,3052885.2500000,946.4700317,104.5377731,23.0000000,93.6723938,359.3789368,2944.0000000,12.0000000,39.0000000,17.5140800,12.5368290,1.3498154,610.5895996,105.5691605,44.6251831,68.8476715,1.4524957,318.9686279,160.3313904,32986198.0000000,1227.7517090,36.9139366,111.0000000,690.7855225,2125.3085938,31262.0000000,69.0000000,220.0000000,80.0876923,38.2763405,2.0793138,4745.6308594,267.4916992,92.5259094,71.5813446,1.1998219,472.4554443,477.0218201,363524064.0000000,1854.1628418,88.0561295,465.0000000,6105.2260742,10971.5312500,188971.0000000,260.0000000,830.0000000,130.9206085,40.2598305,4.0242643,111956.0781250,1351.1057129,318.9598694,64.0421753,1.2975410,546.4985352,627.1735229,663055808.0000000,2185.9926758,109.1344070,1001.0000000,26111.6445312,25769.6757812,291067.0000000,571.0000000,1840.0000000,193.9694366,71.5363083,3.5752008,1419545.3750000,4655.0361328,935.7692261,137.7862244,1.2147502,619.4028931,699.4913330,788636224.0000000,2156.2683105,109.1092072,1759.0000000,61245.4570312,57239.8515625,358446.0000000,1027.0000000,3290.0000000,353.0522156,178.8824463,3.2079072,3230327.0000000,6752.5209961,1419.9107666,119.0383911,1.1232477,930.2132568,889.5728149,1488697472.0000000,2427.1738281,128.0000000,2731.0000000,108522.4218750,109027.3437500,613346.0000000,1463.0000000,4716.0000000,895.4141846,397.1173401,2.8615541,5539375.0000000,8738.8583984,2070.0664062,162.8914337,1.0970812,860,,,none,,,,,1.0000000,0.5000000,,12.831600682877642
4,2935,34.8468018,34.8468018,128.0000000,0.0000000,1.5000000,2.0000000,3.7961993,1.0000000,0.0000000,1.0000000,135.8100586,1.4235747,1.4235747,154.6067963,372.4264221,1694805.3750000,115.2806015,104.2005081,56.0000000,352.6503601,1339.8696289,13326.0000000,37.0000000,118.0000000,52.5161095,37.3970985,1.4688309,2394.6152344,210.3300018,59.1586037,344.5418091,1.4701338,313.5841064,809.1876831,19623126.0000000,126.1403503,124.4231186,356.0000000,4041.8774414,8480.3798828,153391.0000000,212.0000000,675.0000000,105.6990509,38.2563324,3.1596432,30903.2187500,737.2632446,266.3504028,343.9803467,1.3996891,397.3316956,1064.8585205,35742612.0000000,130.6445923,133.3673859,839.0000000,19202.4218750,20478.2304688,279325.0000000,482.0000000,1555.0000000,164.8274231,61.3841095,3.2237206,955318.6875000,3776.4670410,768.3165894,22.4750023,1.1879913,439.6405029,1125.6376953,41298964.0000000,124.4337463,120.9352722,1487.0000000,50782.1328125,46852.8750000,322339.0000000,886.0000000,2842.0000000,251.5200500,117.2098465,3.0525951,2570717.5000000,6073.6591797,1223.3746338,154.9975433,1.1419225,514.2705688,1203.8524170,49916564.0000000,123.6867752,119.4295502,2143.0000000,79646.4453125,78701.0468750,390058.0000000,1207.0000000,3855.0000000,412.3631287,216.4355927,2.8173740,3764963.2500000,7090.8066406,1427.9824219,114.8452911,1.0627245,787.4353638,1383.2181396,78497368.0000000,127.9821930,128.0000000,2731.0000000,108522.4218750,109027.3437500,613346.0000000,1463.0000000,4716.0000000,875.9643555,394.3451538,2.6686935,5539375.0000000,8738.8583984,2051.5270996,163.7218170,1.0970812,2935,,,none,,,,,1.0000000,0.5000000,,3.796199310217732
5,2936,34.8468018,34.8468018,128.0000000,0.0000000,1.5000000,2.0000000,1.8236858,1.0000000,0.0000000,1.0000000,241.2059937,0.6838822,0.6838822,118.6190109,596.7491455,464213.3437500,95.7350388,69.3551254,29.0000000,170.6368866,469.6191406,3712.0000000,16.0000000,52.0000000,27.7905025,21.7419548,1.2835929,1510.9357910,185.0201874,64.6095276,326.0699158,1.8029444,328.6932068,780.3384399,8303573.5000000,88.8959274,50.1281548,167.0000000,1360.0416260,4173.4702148,64957.0000000,113.0000000,362.0000000,97.7987213,44.4052925,2.4596477,7198.5126953,325.6454468,100.7635269,345.3152466,1.1722962,441.2521973,1122.4907227,29290582.0000000,117.1188965,106.3332291,596.0000000,9858.4296875,14055.1425781,228918.0000000,333.0000000,1070.0000000,149.8603516,54.5175514,3.2288826,314227.6250000,2248.8969727,643.9428711,331.6754456,1.2808105,493.4926147,1228.4820557,38276948.0000000,119.8614578,111.7959824,1151.0000000,36547.6796875,34055.2500000,298963.0000000,648.0000000,2087.0000000,206.1403351,80.4934845,3.1840403,1970075.1250000,5402.1440430,1063.9793701,123.1436768,1.1787988,573.6200562,1310.7539062,47705620.0000000,120.7488556,113.5563202,1979.0000000,69952.0078125,68034.8906250,372713.0000000,1138.0000000,3639.0000000,378.4608459,191.4043274,2.8863213,3506191.2500000,6855.7348633,1372.8905029,119.5290222,1.0667498,867.5645752,1495.8278809,78497368.0000000,127.9821930,128.0000000,2731.0000000,108522.4218750,109027.3437500,613346.0000000,1463.0000000,4716.0000000,891.1215210,396.1530762,2.6886318,5539375.0000000,8738.8583984,2044.6712646,164.0432587,1.0970812,2936,,,none,,,,,1.0000000,0.5000000,,1.823685774002564
6,2937,34.8468018,34.8468018,128.0000000,0.0000000,1.5000000,2.0000000,1.4759637,1.0000000,0.0000000,1.0000000,19.5005436,0.5534864,0.5534864,119.4075394,729.9618530,496981.3437500,97.2093124,71.9240036,31.0000000,174.1192474,469.6191406,3968.0000000,17.0000000,55.0000000,27.1249142,21.5571861,1.2656636,1510.9357910,185.0201874,59.7651939,328.1467285,1.8029444,328.5393677,964.6875000,10421205.0000000,98.5391769,69.3463898,209.0000000,1891.3114014,4937.6840820,81501.0000000,137.0000000,441.0000000,97.3112869,39.0684891,2.8183365,9875.3476562,391.9096680,126.0763245,2.2143359,1.2376838,433.1072083,1299.8662109,30960598.0000000,120.4073105,112.9049072,633.0000000,11720.3955078,15091.5419922,241965.0000000,354.0000000,1137.0000000,146.8730164,52.3367577,3.3594892,450344.4687500,2814.5400391,638.2718506,331.8845520,1.3997812,478.5574036,1389.3612061,38555540.0000000,120.2704163,112.6133881,1213.0000000,39571.7695312,36279.1132812,301113.0000000,692.0000000,2224.0000000,204.5178833,81.0550842,3.2362676,2166942.2500000,5575.1250000,1070.0806885,123.1796417,1.1414372,560.9495850,1474.5550537,48203924.0000000,121.3266830,114.7113571,2033.0000000,73380.3203125,70771.0703125,376678.0000000,1155.0000000,3694.0000000,384.5353699,195.6418610,2.9247408,3533792.7500000,6875.1884766,1378.9388428,119.5728683,1.0644329,850.2980957,1658.1623535,78497368.0000000,127.9821930,128.0000000,2731.0000000,108522.4218750,109027.3437500,613346.0000000,1463.0000000,4716.0000000,884.4697266,394.6525574,2.7143791,5539375.0000000,8738.8583984,2049.7270508,163.9457092,1.0970812,2937,,,none,,,,,1.0000000,0.5000000,,1.475963746501201
7,2938,34.8468018,34.8468018,128.0000000,0.0000000,1.5000000,2.0000000,1.4423178,1.0000000,0.0000000,1.0000000,43.1654320,0.5408692,0.5408692,121.2342987,744.0561523,464213.3437500,95.7350388,69.3551254,29.0000000,170.6368866,469.6191406,3712.0000000,16.0000000,52.0000000,32.6074524,26.5694370,1.2548516,1510.9357910,185.0201874,76.5716476,323.6943359,1.8029444,327.3703613,914.2911377,7729237.5000000,87.4703598,47.3019867,160.0000000,1301.7719727,3949.0207520,60470.0000000,109.0000000,349.0000000,109.8290405,56.4931259,2.0734501,7198.5126953,325.6454468,112.3487854,341.4555054,1.1722962,442.0223999,1257.1968994,28709718.0000000,116.2078857,104.5131302,583.0000000,9706.5322266,13935.8447266,224380.0000000,328.0000000,1055.0000000,160.4023132,63.7221794,2.9081337,309961.4375000,2233.2846680,657.3128052,331.3129578,1.2804737,496.7810364,1369.2666016,38172628.0000000,119.7072144,111.4876633,1139.0000000,35620.6523438,33044.6914062,298308.0000000,643.0000000,2071.0000000,217.5978851,87.3518677,2.9549026,1970075.1250000,5402.1440430,1050.2553711,122.9940720,1.1787988,577.4848633,1451.9073486,47688020.0000000,120.7174301,113.4934845,1973.0000000,69648.1484375,67728.5703125,372629.0000000,1133.0000000,3624.0000000,391.8198242,198.0844269,2.7044923,3490883.0000000,6849.2265625,1359.3647461,119.3771820,1.0693944,871.5303345,1636.4918213,78497368.0000000,127.9821930,128.0000000,2731.0000000,108522.4218750,109027.3437500,613346.0000000,1463.0000000,4716.0000000,904.7277832,400.4994202,2.5861859,5539375.0000000,8738.8583984,2032.5086670,164.2384033,1.0970812,2938,,,none,,,,,1.0000000,0.5000000,,1.442317886936457
8,2939,34.8468018,34.8468018,128.0000000,0.0000000,1.5000000,3.0000000,4.7502270,1.0000000,0.0000000,1.0000000,142.0739136,1.7813351,1.7813351,147.0741119,291.0844421,1181525.3750000,103.6116943,81.5683136,46.0000000,318.7131042,1339.8696289,9316.0000000,30.0000000,94.0000000,49.1553192,36.1890755,1.4239126,2387.3557129,210.2589874,61.7734146,349.4127502,1.4736085,317.0942993,721.7235107,18784342.0000000,122.9456329,118.0400391,333.0000000,3663.1545410,7691.6713867,146838.0000000,198.0000000,630.0000000,105.8736420,39.0987129,3.1533844,16983.0566406,562.2020874,196.1415558,12.5105505,1.4810141,401.0344849,981.9382324,35169428.0000000,129.4632111,131.0059967,801.0000000,18048.6777344,19729.1191406,274516.0000000,463.0000000,1493.0000000,162.1735077,62.1668816,3.1673870,793088.7500000,3537.0998535,773.3542480,22.5908413,1.2553446,443.1561279,1046.0614014,40833044.0000000,123.5473251,119.1631012,1460.0000000,49986.5078125,46089.6601562,319093.0000000,861.0000000,2758.0000000,246.2392273,115.1000595,3.0094936,2507262.5000000,6018.4414062,1221.1287842,154.7735748,1.1496308,520.2878418,1126.7760010,49800852.0000000,123.5155869,119.0873108,2140.0000000,79390.6015625,78254.0000000,389154.0000000,1202.0000000,3840.0000000,411.5271606,217.9398651,2.7705154,3756478.5000000,7073.7548828,1387.0740967,104.7534027,1.0600083,794.5401611,1306.0183105,78497368.0000000,127.9821930,128.0000000,2731.0000000,108522.4218750,109027.3437500,613346.0000000,1463.0000000,4716.0000000,877.0052490,395.4176025,2.6411147,5539375.0000000,8738.8583984,2048.5786133,163.5994720,1.0970812,2939,,,none,,,,,1.0000000,0.5000000,,4.750227056558004
9,2940,34.8468018,34.8468018,128.0000000,0.0000000,1.5000000,3.0000000,6.5940051,1.0000000,0.0000000,1.0000000,201.7775269,2.4727519,2.4727519,150.6004791,227.1860199,1181525.3750000,103.6116943,81.5683136,46.0000000,318.7131042,1339.8696289,9316.0000000,29.0000000,91.0000000,50.0603180,36.9534416,1.3960955,2387.3557129,210.2589874,62.3973122,352.5754395,1.4736085,318.8854370,645.0375977,18380502.0000000,121.7177048,115.5874557,326.0000000,3566.9924316,7417.2001953,143683.0000000,192.0000000,611.0000000,106.6475067,39.4271851,3.1855469,16983.0566406,562.2020874,197.8693848,13.2053642,1.4810141,403.0165100,907.4934082,34843284.0000000,128.4873352,129.0549011,781.0000000,17025.3359375,18544.1250000,272298.0000000,457.0000000,1474.0000000,161.4225311,62.4706078,3.1751845,759975.9375000,3450.4506836,775.4824219,22.7402935,1.2466426,444.6378174,972.6274414,40616468.0000000,123.2405777,118.5500259,1434.0000000,49026.4960938,45333.4648438,317213.0000000,851.0000000,2725.0000000,242.7359009,112.9813995,3.0223420,2500684.5000000,6018.3339844,1221.2009277,154.6358948,1.1526138,523.8655396,1055.3497314,49800148.0000000,123.5141220,119.0843811,2135.0000000,79028.6796875,78132.3359375,389149.0000000,1199.0000000,3831.0000000,412.4299011,219.0426178,2.7733407,3748541.0000000,7067.5986328,1388.5434570,119.0761108,1.0604047,798.1245728,1234.0770264,78497368.0000000,127.9821930,128.0000000,2731.0000000,108522.4218750,109027.3437500,613346.0000000,1463.0000000,4716.0000000,877.9268188,395.8146973,2.6449575,5539375.0000000,8738.8583984,2048.1982422,163.5180664,1.0970812,2940,,,none,,,,,1.0000000,0.5000000,,6.594004893038111
10,2943,34.8468018,34.8468018,128.0000000,0.0000000,1.5000000,3.0000000,0.8720443,1.0000000,0.0000000,1.0000000,200.0869598,0.3270166,0.3270166,83.4765091,1295.1419678,267605.3437500,106.9953842,96.0299759,17.0000000,61.8499107,260.9284058,2176.0000000,9.0000000,29.0000000,12.6293316,9.0664024,1.3012255,354.0047302,81.1693954,42.5019608,111.7645950,1.4810363,288.8812561,1317.9110107,1256789.3750000,73.7308731,21.6674519,56.0000000,340.7610168,1690.0415039,9904.0000000,32.0000000,101.0000000,64.2835693,33.8685608,1.8166157,2904.3679199,223.3146667,85.7776566,118.1443787,1.3663847,513.9930420,1548.6208496,16822614.0000000,93.9104385,59.9869881,303.0000000,3172.2536621,6629.6928711,131512.0000000,182.0000000,579.0000000,130.5833130,40.5335083,3.5765495,14370.2617188,548.4389648,187.7825012,26.9825096,1.6656436,602.5800171,1737.9101562,33514966.0000000,113.5895767,99.2626648,749.0000000,15879.4091797,17652.4355469,261591.0000000,439.0000000,1413.0000000,183.1797943,62.6684875,3.8549552,658248.6250000,3185.3049316,753.6595459,24.8738861,1.2265979,645.6749878,1794.4049072,39784788.0000000,111.9244537,95.9192047,1361.0000000,45345.4492188,43034.6640625,310744.0000000,800.0000000,2563.0000000,252.2379608,105.6204758,3.5919940,2256110.2500000,5679.0126953,1118.6354980,122.4861908,1.1375631,1008.9826660,2019.6527100,78497368.0000000,127.9821930,128.0000000,2731.0000000,108522.4218750,109027.3437500,613346.0000000,1463.0000000,4716.0000000,906.9619141,398.1799622,2.9394200,5539375.0000000,8738.8583984,2078.0410156,162.7897491,1.0970812,2943,,,none,,,,,1.0000000,0.5000000,,0.872044293633648
11,2944,34.8468018,34.8468018,128.0000000,0.0000000,1.5000000,3.0000000,1.3000382,1.0000000,0.0000000,1.0000000,21.9380836,0.4875143,0.4875143,82.9174347,908.4248657,267605.3437500,106.9953842,96.0299759,17.0000000,61.8499107,260.9284058,2176.0000000,9.0000000,29.0000000,12.8265448,9.4411755,1.2993287,354.0047302,81.1693954,42.5220108,114.3185196,1.4810363,287.1421509,931.3375854,1256789.3750000,73.7308731,21.6674519,56.0000000,340.7610168,1690.0415039,9904.0000000,32.0000000,101.0000000,64.4938736,33.5611610,1.8445375,2904.3679199,223.3146667,85.9044876,118.9309692,1.3663847,514.6096191,1169.8845215,17353046.0000000,94.8284378,61.8179092,310.0000000,3241.2607422,6706.1865234,135656.0000000,183.0000000,583.0000000,131.8358765,40.3490067,3.6894820,14370.2617188,548.4389648,186.7210236,27.0167122,1.6656436,601.8706665,1355.0765381,33702100.0000000,113.7926483,99.6682434,756.0000000,16049.5527344,17726.1718750,263383.0000000,441.0000000,1420.0000000,184.3851471,62.7442894,3.8657088,672791.9375000,3210.1774902,752.5770874,24.8791981,1.2188983,644.5175171,1410.2551270,39865684.0000000,111.9897156,96.0495605,1368.0000000,45458.4257812,43037.7304688,311535.0000000,807.0000000,2586.0000000,254.4932709,106.4914551,3.6063945,2256110.2500000,5679.0126953,1118.8485107,122.5407486,1.1375631,1006.9167480,1635.0694580,78497368.0000000,127.9821930,128.0000000,2731.0000000,108522.4218750,109027.3437500,613346.0000000,1463.0000000,4716.0000000,907.1758423,397.9623108,2.9489577,5539375.0000000,8738.8583984,2078.8920898,162.8083496,1.0970812,2944,,,none,,,,,1.0000000,0.5000000,,1.300038190426597
12,2945,34.8468018,34.8468018,128.0000000,0.0000000,1.5000000,4.0000000,18.8044205,1.0000000,0.0000000,1.0000000,258.7765808,7.0516577,7.0516577,129.2388763,107.2807617,3564757.2500000,767.3055420,146.3734283,41.0000000,239.4658356,1216.0272217,5407.0000000,21.0000000,67.0000000,26.1245785,19.4168072,1.3485445,2098.9707031,178.9659882,53.7452431,101.0223236,1.2142966,321.2205200,314.9932861,96968024.0000000,2053.8962402,66.4325790,196.0000000,1613.3493652,4679.1171875,73572.0000000,125.0000000,400.0000000,86.9912338,35.7519188,2.8139989,9058.1875000,368.5285034,112.5693512,16.0375233,1.1931390,433.5990601,649.1755981,672350784.0000000,3166.7106934,108.5582962,610.0000000,10965.0722656,14435.2656250,233410.0000000,344.0000000,1104.0000000,138.9496918,50.4208260,3.5084169,408714.6250000,2674.6428223,618.7962646,334.5265503,1.3928410,484.3993835,749.4841919,1110813312.0000000,3598.8164062,111.9063568,1171.0000000,37993.4960938,34967.9765625,299623.0000000,660.0000000,2125.0000000,196.3636627,82.0981750,3.2535429,2132499.5000000,5540.3872070,1101.5333252,122.3836670,1.1454639,568.0077515,834.5811768,1344388352.0000000,3576.8461914,114.4299393,2002.0000000,71711.2421875,69009.6406250,375761.0000000,1143.0000000,3655.0000000,377.6396179,200.6353455,2.9242139,3520442.0000000,6859.1689453,1411.2541504,119.0330734,1.0634962,859.4961548,1017.5347900,2425881600.0000000,3955.1601562,128.0000000,2731.0000000,108522.4218750,109027.3437500,613346.0000000,1463.0000000,4716.0000000,879.6821899,395.9383850,2.7201202,5539375.0000000,8738.8583984,2063.7407227,163.0553894,1.0970812,2945,,,none,,,,,1.0000000,0.5000000,,18.804420943763777
13,2946,34.8468018,34.8468018,128.0000000,0.0000000,1.5000000,2.0000000,5.9008284,1.0000000,87.6397400,1.1822430,90.1366043,35.0777130,35.0777130,156.6408997,182.0467529,3135445.2500000,119.6623993,112.2135086,75.0000000,493.8799744,1480.5993652,24581.0000000,51.0000000,160.0000000,47.9859505,28.8890362,1.7575204,2394.6152344,210.3300018,66.0637970,153.8878632,1.4701338,290.8066711,696.6395264,23196118.0000000,140.7325287,153.5855408,443.0000000,5756.0146484,10624.5390625,181305.0000000,249.0000000,795.0000000,91.7092438,33.2006721,3.0318573,104814.4453125,1300.1007080,314.0538025,341.9803162,1.2832847,364.8591003,922.2666626,37134868.0000000,134.5543976,141.1840668,970.0000000,25019.2187500,24982.5410156,290201.0000000,553.0000000,1778.0000000,153.6521301,58.9564743,2.9607925,1332631.0000000,4498.3847656,861.7532349,309.0696716,1.2083520,431.7431641,1008.1344604,45219156.0000000,131.0437317,134.1492767,1712.0000000,59472.7421875,55507.0625000,353359.0000000,1004.0000000,3217.0000000,303.1898804,157.7191620,2.7227142,3221359.7500000,6748.6171875,1399.4180908,119.9498596,1.1250724,495.9995728,1069.4000244,52292436.0000000,127.7047958,127.4630585,2209.0000000,83439.5625000,83975.5312500,408620.0000000,1237.0000000,3951.0000000,441.2868958,237.1485291,2.5929413,4099912.2500000,7410.4936523,1538.1982422,118.3992081,1.0658838,745.3146362,1236.4462891,78497368.0000000,127.9821930,128.0000000,2731.0000000,108522.4218750,109027.3437500,613346.0000000,1463.0000000,4716.0000000,854.9689941,391.1115112,2.5315866,5539375.0000000,8738.8583984,2070.7973633,163.7319336,1.0970812,2946,,,none,,,,,1.0000000,0.5000000,,5.900828306988834
14,2947,34.8468018,34.8468018,128.0000000,0.0000000,1.5000000,2.0000000,1.2757202,1.0000000,0.0000000,1.0000000,64.3910599,0.4783951,0.4783951,155.4834137,924.8345337,2282069.2500000,105.0849152,83.3892822,62.0000000,387.0153198,1218.7247314,17914.0000000,46.0000000,145.0000000,34.9443817,23.1147480,1.6117070,2389.5791016,210.2584534,78.6237335,153.1877289,1.4722300,297.5957642,1431.6546631,22122070.0000000,134.8430939,141.8125153,417.0000000,5168.9477539,10309.0332031,172914.0000000,240.0000000,765.0000000,77.0243988,32.9995766,2.4378855,60377.9882812,1007.0688477,269.6317749,64.2438507,1.3366873,375.2165527,1669.8984375,36921556.0000000,133.9257812,139.9272919,935.0000000,23174.4062500,23571.7558594,288535.0000000,530.0000000,1706.0000000,137.7519836,57.8636093,2.5009463,1052129.6250000,3913.3193359,744.5964355,24.2554817,1.1582744,438.8434143,1751.7875977,44660820.0000000,130.0486603,132.1599274,1663.0000000,57830.2304688,53598.9179688,348997.0000000,982.0000000,3145.0000000,278.6231995,150.7476807,2.3477740,3215165.2500000,6745.9633789,1411.8181152,120.2460556,1.1263536,501.6381836,1812.8909912,51673812.0000000,126.6504822,125.3550720,2189.0000000,81606.9062500,81347.7734375,403786.0000000,1228.0000000,3922.0000000,417.2876587,231.1410828,2.2646034,3982638.2500000,7280.9155273,1550.3968506,118.6811981,1.0592325,756.8398438,1983.1892090,78497368.0000000,127.9821930,128.0000000,2731.0000000,108522.4218750,109027.3437500,613346.0000000,1463.0000000,4716.0000000,840.5923462,391.1540527,2.2991555,5539375.0000000,8738.8583984,2084.7880859,163.6411896,1.0970812,2947,,,none,,,,,1.0000000,0.5000000,,1.275720236450607
15,2948,34.8468018,34.8468018,128.0000000,0.0000000,1.5000000,2.0000000,1.8372737,1.0000000,91.7789764,1.4250443,255.8214874,35.1060944,35.1060944,75.5082016,294.3107300,333141.3437500,111.3252335,102.7774429,21.0000000,82.6281204,359.3789368,2688.0000000,11.0000000,36.0000000,19.8280945,13.8342142,1.3131627,453.3661194,94.3106918,48.3174400,102.5175476,1.5612159,307.8644104,341.5809631,2397525.2500000,77.5891495,28.3393021,83.0000000,471.3652039,1894.5328369,18816.0000000,53.0000000,168.0000000,83.0794754,40.1511078,2.0460422,3108.6269531,227.4746704,88.5824738,118.2783279,1.3246088,492.1119995,633.2623901,21451222.0000000,102.6879425,77.5061722,402.0000000,4808.3823242,9749.3837891,167673.0000000,233.0000000,741.0000000,140.5511322,42.4907913,3.9613922,52961.1562500,938.6250000,262.2201538,60.3369713,1.3237833,576.4093628,805.0930176,36647572.0000000,117.7091217,107.4945145,908.0000000,21225.5195312,22590.0625000,286394.0000000,515.0000000,1660.0000000,203.4001617,72.2558517,3.6578996,985498.1250000,3802.1833496,769.8800049,25.8898315,1.1673483,632.4428711,861.3956909,43377748.0000000,115.7716904,103.6078339,1596.0000000,55676.8242188,50721.6718750,338973.0000000,946.0000000,3031.0000000,323.9861145,153.0911407,3.3528154,3207211.5000000,6737.5429688,1431.2763672,119.1588135,1.1263299,964.0789795,1065.8940430,78497368.0000000,127.9821930,128.0000000,2731.0000000,108522.4218750,109027.3437500,613346.0000000,1463.0000000,4716.0000000,909.5309448,398.9631042,2.8987606,5539375.0000000,8738.8583984,2080.3522949,162.7342529,1.0970812,2948,,,none,,,,,1.0000000,0.5000000,,1.837273767624948
16,2952,34.8468018,34.8468018,128.0000000,0.0000000,1.5000000,5.0000000,4.7357907,1.0000000,0.0000000,1.0000000,293.1641235,1.7759216,1.7759216,79.1171722,495.1113586,2872661.2500000,944.3949585,103.9369659,22.0000000,84.3296661,359.3789368,2816.0000000,12.0000000,39.0000000,18.1892319,12.4104776,1.3164744,469.2655029,97.4009705,45.8161011,99.0163345,1.6087853,305.3039856,542.1117554,25154902.0000000,1000.7410889,28.3393021,83.0000000,471.3652039,1894.5328369,18816.0000000,53.0000000,168.0000000,78.0560303,37.4274902,2.0430152,3108.6269531,227.4746704,83.6856003,118.6242828,1.3246088,491.7311401,841.2080688,285438688.0000000,1463.0718994,79.1709213,411.0000000,4934.5268555,9835.3457031,171195.0000000,236.0000000,751.0000000,135.8842621,39.8272514,4.1454868,53110.9218750,938.6889648,259.0522766,59.3780785,1.3202304,574.0105591,1008.2070923,523621664.0000000,1727.1577148,107.5976105,914.0000000,21525.9335938,22756.0957031,286700.0000000,519.0000000,1672.0000000,198.4203491,69.5612946,3.7742825,985498.1250000,3802.1833496,769.6632080,25.4895840,1.1673483,631.2116089,1065.5892334,621124416.0000000,1701.6396484,103.9721375,1611.0000000,56242.4179688,51889.6992188,340273.0000000,953.0000000,3052.0000000,321.5549011,152.2339935,3.4455783,3207211.5000000,6737.5429688,1425.9291992,119.1805801,1.1263299,961.4368286,1269.1994629,1175778432.0000000,1916.9903564,128.0000000,2731.0000000,108522.4218750,109027.3437500,613346.0000000,1463.0000000,4716.0000000,904.1653442,397.4591980,2.9501498,5539375.0000000,8738.8583984,2076.8552246,162.8468170,1.0970812,2952,,,none,,,,,1.0000000,0.5000000,,4.735790579481921
17,2954,34.8468018,34.8468018,128.0000000,0.0000000,1.5000000,4.0000000,1.6422523,1.0000000,0.0000000,1.0000000,27.5901985,0.6158446,0.6158446,94.3863831,792.6777344,3200341.2500000,899.4005127,127.7283096,30.0000000,136.9027863,578.8380737,3840.0000000,18.0000000,57.0000000,22.6095352,18.1385860,1.2134773,1216.3157959,143.8341675,55.8167229,25.2470875,1.3535300,322.9462585,940.7634277,48013140.0000000,758.0849609,51.3905945,152.0000000,1108.2033691,2743.7304688,53116.0000000,98.0000000,314.0000000,88.7668228,41.6770515,2.2886229,7978.5727539,341.7466431,109.1706467,67.8737183,1.1648592,448.2113647,1272.7851562,231647184.0000000,996.5366821,99.9999695,543.0000000,8012.1235352,12869.8779297,213779.0000000,307.0000000,983.0000000,136.0751648,49.0911789,3.5047283,180546.5312500,1689.8596191,476.9303284,4.8306155,1.2586421,510.9610596,1397.8214111,338340832.0000000,1069.6328125,111.1705856,1109.0000000,33403.4765625,31615.7890625,297322.0000000,620.0000000,2000.0000000,200.0142212,83.7521286,3.1666865,1888045.2500000,5252.0654297,1038.1951904,25.3584480,1.1626205,589.8021851,1476.8052979,418713504.0000000,1072.8367920,112.4937057,1909.0000000,65904.1640625,63501.0742188,369433.0000000,1111.0000000,3555.0000000,369.3097839,197.2463989,2.8610053,3300609.2500000,6799.2744141,1418.4234619,118.7544022,1.1146054,888.6744385,1661.8530273,705908288.0000000,1150.9136963,128.0000000,2731.0000000,108522.4218750,109027.3437500,613346.0000000,1463.0000000,4716.0000000,889.8438110,398.9442139,2.6815779,5539375.0000000,8738.8583984,2064.1164551,162.7796783,1.0970812,2954,,,none,,,,,1.0000000,0.5000000,,1.642252297081854
18,2955,34.8468018,34.8468018,128.0000000,0.0000000,1.5000000,4.0000000,6.1036100,1.0000000,0.0000000,1.0000000,27.5906963,2.2888536,2.2888536,95.6415024,346.7448730,1955157.3750000,551.9600830,127.7283096,30.0000000,136.9027863,578.8380737,3840.0000000,18.0000000,57.0000000,25.7027092,20.5506401,1.2152390,1216.3157959,143.8341675,58.8894310,25.4382229,1.3535300,322.5846252,491.1113586,27101398.0000000,426.0828552,50.6603737,149.0000000,1068.9724121,2689.0471191,51891.0000000,98.0000000,314.0000000,91.8142853,44.4051552,2.2280617,7834.9208984,339.1559448,112.0025558,66.5257034,1.1683000,449.6604004,825.1856079,129391320.0000000,555.4459839,99.9999695,543.0000000,8012.1235352,12869.8779297,213779.0000000,305.0000000,977.0000000,139.9340973,51.5413475,3.4045906,180546.5312500,1689.8596191,480.4945374,5.0097532,1.2586421,512.0465698,949.4796143,188197648.0000000,594.8894043,111.1702118,1106.0000000,33353.7343750,31302.6835938,296946.0000000,618.0000000,1993.0000000,203.3561859,85.8982697,3.0901928,1888045.2500000,5252.0654297,1042.0629883,25.3667469,1.1626205,591.2527466,1028.8076172,232896080.0000000,596.6138306,112.4437485,1909.0000000,65904.1640625,63501.0742188,369433.0000000,1108.0000000,3546.0000000,373.1745911,199.9824219,2.7973120,3300609.2500000,6799.2744141,1418.3500977,118.5979385,1.1146054,890.1257324,1213.6479492,392333920.0000000,639.6616211,128.0000000,2731.0000000,108522.4218750,109027.3437500,613346.0000000,1463.0000000,4716.0000000,893.7119141,400.2087708,2.6478252,5539375.0000000,8738.8583984,2061.3710938,162.7037964,1.0970812,2955,,,none,,,,,1.0000000,0.5000000,,6.103609903533849
19,2956,34.8468018,34.8468018,128.0000000,0.0000000,1.5000000,5.0000000,2.2066381,1.0000000,0.0000000,1.0000000,175.4226685,0.8274893,0.8274893,146.3667755,555.7333374,5081685.5000000,843.2589111,168.1320190,56.0000000,340.7610168,1690.0415039,9904.0000000,32.0000000,101.0000000,38.4771500,27.2616901,1.3678424,2904.3679199,223.3146667,65.0376205,121.9367752,1.3663847,320.6837463,920.0800171,147303376.0000000,2415.4282227,107.8818588,292.0000000,3028.2995605,6485.8740234,128855.0000000,177.0000000,563.0000000,92.9794235,32.2079201,3.3128338,14348.6074219,548.4267578,186.1938324,19.5515728,1.6680830,407.8049011,1189.8812256,797491456.0000000,3644.5095215,122.2205505,736.0000000,15497.3955078,17587.2812500,260082.0000000,431.0000000,1388.0000000,144.1056824,53.9753380,3.2859957,593373.8750000,3118.3510742,742.0007935,22.6687737,1.3041024,449.9040527,1263.4331055,1264295168.0000000,4074.4577637,115.4657364,1339.0000000,44478.7304688,41765.0312500,309153.0000000,787.0000000,2523.0000000,210.4676056,93.9503708,3.1183040,2246362.5000000,5668.2524414,1095.4166260,122.7691650,1.1381741,537.0256348,1352.8695068,1536731392.0000000,4058.5356445,118.4540558,2101.0000000,77132.8125000,76685.9218750,387576.0000000,1184.0000000,3785.0000000,399.9052124,213.6420441,2.8228226,3625805.0000000,6946.0322266,1404.7088623,119.3184662,1.0589106,814.1825562,1530.6246338,2737752064.0000000,4463.6342773,128.0000000,2731.0000000,108522.4218750,109027.3437500,613346.0000000,1463.0000000,4716.0000000,869.2462158,393.7025452,2.6673534,5539375.0000000,8738.8583984,2063.9033203,163.3217010,1.0970812,2956,,,none,,,,,1.0000000,0.5000000,,2.206638024154361
20,2957,34.8468018,34.8468018,128.0000000,0.0000000,1.5000000,2.0000000,6.7521429,0.9999999,59.8184891,1.1314054,216.6008911,24.9639874,24.9639874,139.5028229,61.6095200,685141.3125000,119.9509277,115.9190140,40.0000000,259.5304260,1306.0272217,5438.0000000,25.0000000,80.0000000,27.6539879,19.7860756,1.4050295,2430.4179688,198.3032684,56.1913528,113.4700546,1.2875643,328.2277832,361.1426697,13282773.0000000,107.6985474,87.6074295,246.0000000,2366.8364258,5852.7998047,103857.0000000,152.0000000,488.0000000,90.7886963,32.9260406,3.3197169,12860.6621094,504.5079956,190.0968781,19.3458939,1.5749360,425.0171814,662.8864136,32057302.0000000,122.5405884,117.1683731,668.0000000,13435.1591797,16597.7304688,250533.0000000,374.0000000,1199.0000000,140.5062561,52.1992188,3.3849230,498024.7187500,2874.4418945,623.3948975,333.8663635,1.3202200,467.5566101,742.2891846,38839380.0000000,120.6355896,113.3432007,1255.0000000,41089.5625000,37509.9960938,303358.0000000,728.0000000,2340.0000000,199.6802368,85.6620255,3.2040648,2185626.7500000,5590.2690430,1093.8627930,122.5746384,1.1378357,549.7308350,827.0979614,48382932.0000000,121.6024246,115.2626343,2053.0000000,74741.1953125,71974.6250000,378077.0000000,1164.0000000,3723.0000000,375.9200439,199.8660736,2.8941493,3535578.2500000,6875.9428711,1403.3797607,119.1633072,1.0641289,838.3052979,1010.8452759,78497368.0000000,127.9821930,128.0000000,2731.0000000,108522.4218750,109027.3437500,613346.0000000,1463.0000000,4716.0000000,873.7166748,394.5819397,2.7001173,5539375.0000000,8738.8583984,2060.3054199,163.2714844,1.0970812,2957,,,none,,,,,1.0000000,0.5000000,,6.752143013647981
21,2958,34.8468018,34.8468018,128.0000000,0.0000000,1.5000000,3.0000000,3.2724440,1.0000000,0.0000000,1.0000000,87.4095993,1.2271665,1.2271665,151.6821594,474.8265991,2263125.2500000,152.1877136,177.6050415,76.0000000,439.0367737,1879.2680664,17766.0000000,52.0000000,165.0000000,49.9840889,32.7395554,1.4981980,3108.6269531,227.4746704,66.7387848,121.8958511,1.3246088,301.7676086,932.4187622,20561494.0000000,130.7032013,133.5423126,383.0000000,4429.6625977,9296.0498047,160722.0000000,224.0000000,714.0000000,100.0031815,33.2465973,3.4899991,37824.6992188,791.2904663,253.2465668,347.6006165,1.3173056,385.7031250,1181.3011475,36165076.0000000,131.6797333,135.4367676,873.0000000,19979.7871094,21158.4824219,282624.0000000,502.0000000,1618.0000000,160.7910919,61.1701469,3.2358706,955318.6875000,3776.4670410,767.7205200,24.0394974,1.1879913,435.0373840,1247.8580322,42326420.0000000,126.1424866,124.3510666,1541.0000000,54265.3007812,49659.6953125,330538.0000000,916.0000000,2938.0000000,263.8587646,129.6653137,3.0244248,3207211.5000000,6737.5429688,1406.7125244,119.3205414,1.1263299,503.0826721,1318.4169922,50127636.0000000,124.0309830,120.1177368,2156.0000000,80437.7109375,80347.9765625,391707.0000000,1214.0000000,3877.0000000,409.6383972,219.0600433,2.8163378,3890519.7500000,7192.5898438,1450.4124756,84.6352310,1.0581642,774.9340820,1497.7727051,78497368.0000000,127.9821930,128.0000000,2731.0000000,108522.4218750,109027.3437500,613346.0000000,1463.0000000,4716.0000000,869.7867432,393.7876892,2.6704469,5539375.0000000,8738.8583984,2065.3806152,163.2840881,1.0970812,2958,,,none,,,,,1.0000000,0.5000000,,3.272443921757481
22,2959,34.8468018,34.8468018,128.0000000,0.0000000,1.5000000,2.0000000,2.7951202,1.0000000,94.9789505,1.4344656,186.9565125,36.6652756,36.6652756,136.9568176,21.8906097,202069.3281250,80.3517227,45.8316574,13.0000000,70.6135712,359.5928040,1664.0000000,9.0000000,29.0000000,13.3927870,10.2037764,1.4098784,275.3690491,90.5342484,47.0654602,233.4580994,2.3686495,326.3834229,112.7687149,4043093.2500000,82.2497940,37.1893311,113.0000000,700.7623291,2125.3085938,31672.0000000,73.0000000,233.0000000,60.3497734,30.1959496,2.0726314,4832.2583008,268.8309631,76.5977402,69.5702438,1.1901414,470.6454163,435.5383911,24461270.0000000,108.4253693,88.9649963,476.0000000,6401.1416016,11072.3525391,191189.0000000,265.0000000,845.0000000,109.6451874,34.6302338,3.6296608,114836.2734375,1353.5598145,316.5960693,344.3148193,1.2695972,542.8143311,583.5643921,37288340.0000000,118.5810318,109.2370300,1016.0000000,26907.4609375,26308.6015625,291400.0000000,576.0000000,1859.0000000,171.8412323,63.5226784,3.3261456,1452210.2500000,4689.2236328,926.6302490,138.7197266,1.2049320,617.7579346,658.3060303,46180820.0000000,118.8866959,109.8339310,1783.0000000,62069.9257812,58008.4687500,360871.0000000,1040.0000000,3332.0000000,334.0040283,172.2848053,2.9970672,3256166.2500000,6753.7451172,1406.3352051,119.4991837,1.1147382,925.5770874,846.7148438,78497368.0000000,127.9821930,128.0000000,2731.0000000,108522.4218750,109027.3437500,613346.0000000,1463.0000000,4716.0000000,872.5641479,392.8533020,2.7240512,5539375.0000000,8738.8583984,2068.1494141,163.3788910,1.0970812,2959,,,none,,,,,1.0000000,0.5000000,,2.795120208391745
23,2960,34.8468018,34.8468018,128.0000000,0.0000000,1.5000000,2.0000000,2.7376895,1.0000000,83.9079666,1.3199098,301.6478577,32.4921188,32.4921188,127.9552002,24.0126038,202069.3281250,80.3517227,45.8316574,13.0000000,70.6135712,359.5928040,1664.0000000,9.0000000,29.0000000,13.3670177,9.6998072,1.4450125,275.3690491,90.5342484,45.6960068,232.4190979,2.3686495,325.4132996,128.8263550,4592981.5000000,83.9024200,40.4122009,122.0000000,826.6098022,2391.6376953,35968.0000000,79.0000000,251.0000000,63.3537521,31.8212090,2.2020760,6533.4316406,318.4441528,90.7116241,69.2816620,1.2351376,466.0050049,462.5368042,25580758.0000000,110.2954483,92.7001648,492.0000000,6662.6186523,11399.4814453,199935.0000000,278.0000000,890.0000000,115.6053696,37.9774284,3.5978649,124557.2812500,1384.0050049,316.8416748,344.7032776,1.2237602,533.6741333,600.1112061,37483796.0000000,118.8376846,109.7499390,1041.0000000,28002.0917969,27492.9082031,292927.0000000,593.0000000,1914.0000000,174.3416138,65.7832031,3.2981813,1620363.3750000,5034.5156250,1022.3363037,24.6956692,1.2447815,610.5834351,676.9367065,46584084.0000000,119.3569489,110.7739105,1828.0000000,63485.5898438,59820.5820312,364003.0000000,1065.0000000,3408.0000000,340.4924927,177.7494812,2.9666057,3256166.2500000,6753.7451172,1407.6705322,119.4306335,1.1147382,915.0693970,863.7138672,78497368.0000000,127.9821930,128.0000000,2731.0000000,108522.4218750,109027.3437500,613346.0000000,1463.0000000,4716.0000000,872.5354004,393.2672729,2.7141597,5539375.0000000,8738.8583984,2067.9458008,163.3196259,1.0970812,2960,,,none,,,,,1.0000000,0.5000000,,2.737689427626101
24,2961,34.8468018,34.8468018,128.0000000,0.0000000,1.5000000,4.0000000,12.5416946,1.0000000,2.3940802,1.0002177,337.5754395,5.6009154,5.6009154,136.9594574,355.1741333,44323028.0000000,2019.3656006,155.0918274,92.0000000,600.3873291,1764.8514404,29943.0000000,64.0000000,204.0000000,43.3132935,25.2559738,1.8719941,3434.9790039,262.5689697,73.0829697,152.3015289,1.5971762,271.9126892,954.2627563,928932224.0000000,7285.4868164,174.1457520,495.0000000,6737.8559570,11401.4833984,201322.0000000,280.0000000,896.0000000,91.7172394,36.2319832,2.7117019,126780.2343750,1386.2017822,306.3578186,342.5261536,1.2061228,335.9766541,1148.8591309,2689658624.0000000,10759.3369141,143.2964172,1051.0000000,28585.2714844,27761.6054688,293158.0000000,593.0000000,1914.0000000,149.3517914,61.4413376,2.6766152,1620363.3750000,5034.5156250,1006.6652222,24.5853596,1.2447815,411.7360229,1247.5330811,3632270336.0000000,11281.3710938,139.9922333,1844.0000000,64131.5976562,60139.1953125,364292.0000000,1072.0000000,3431.0000000,315.4731140,171.8033295,2.4645953,3256166.2500000,6753.7451172,1407.1235352,120.0737305,1.1147382,479.5647888,1309.2659912,4438876160.0000000,11294.3583984,134.2692413,2242.0000000,84794.3203125,85774.3593750,420698.0000000,1250.0000000,3996.0000000,455.7380676,249.6281281,2.3758552,4131939.2500000,7446.7968750,1545.8190918,118.5196381,1.0680097,713.8220825,1468.5607910,7401077760.0000000,12066.7255859,128.0000000,2731.0000000,108522.4218750,109027.3437500,613346.0000000,1463.0000000,4716.0000000,845.9806519,391.0156555,2.3924072,5539375.0000000,8738.8583984,2078.4650879,163.6454926,1.0970812,2961,,,none,,,,,1.0000000,0.5000000,,12.541694713957241
25,2962,34.8468018,34.8468018,128.0000000,0.0000000,1.5000000,4.0000000,7.1561022,1.0000000,0.0000000,1.0000000,336.3164368,2.6835384,2.6835384,136.8399506,471.6038513,52467796.0000000,2128.8422852,145.8417206,93.0000000,621.0047607,1775.3959961,31388.0000000,65.0000000,208.0000000,37.3431015,22.8397179,1.7812624,3434.9790039,262.5689697,81.8550186,152.8454742,1.5971762,269.7607117,1080.4934082,1014673280.0000000,7724.6186523,177.3775787,503.0000000,7071.6513672,11718.0224609,204386.0000000,285.0000000,912.0000000,83.4223938,38.0674934,2.2750072,167098.6093750,1636.7520752,443.9072876,2.3546464,1.2758014,332.3030701,1270.3315430,2827168000.0000000,11254.4033203,143.6070251,1063.0000000,29386.5078125,28032.8417969,293781.0000000,601.0000000,1939.0000000,142.2657623,63.7314873,2.3486416,1771184.6250000,5148.3208008,1000.1303711,25.0061550,1.1908512,407.9379578,1369.1939697,3803501568.0000000,11775.8388672,140.7882233,1865.0000000,64545.9179688,60622.5312500,364767.0000000,1083.0000000,3468.0000000,307.5144958,172.6436462,2.1999671,3256166.2500000,6753.7451172,1415.0681152,120.3099976,1.1147382,479.7857971,1434.3565674,4639126528.0000000,11781.6367188,135.2201233,2246.0000000,84953.5234375,85904.7109375,424403.0000000,1251.0000000,3999.0000000,457.6515808,255.1533508,2.1440260,4131939.2500000,7446.7968750,1553.6027832,118.7426910,1.0680097,709.3994141,1590.5543213,7703626752.0000000,12560.0019531,128.0000000,2731.0000000,108522.4218750,109027.3437500,613346.0000000,1463.0000000,4716.0000000,836.5192871,391.4967651,2.2274981,5539375.0000000,8738.8583984,2088.2341309,163.6113892,1.0970812,2962,,,none,,,,,1.0000000,0.5000000,,7.156102417994958
26,2963,34.8468018,34.8468018,128.0000000,0.0000000,1.5000000,4.0000000,4.7307458,1.0000000,0.0000000,1.0000000,337.1282043,1.7740297,1.7740297,140.5169525,552.2506104,59438420.0000000,2236.6281738,151.3947449,97.0000000,644.7568970,1775.3959961,34322.0000000,67.0000000,214.0000000,34.8024864,23.7448597,1.5441657,3434.9790039,262.5689697,87.2584763,153.1271362,1.5971762,267.9137878,1153.9746094,1095212416.0000000,8147.2084961,177.8734131,508.0000000,7179.5703125,12029.2177734,205205.0000000,285.0000000,912.0000000,78.1705322,40.1652756,1.9789869,169518.9062500,1638.7666016,438.5769348,2.6926084,1.2606839,330.1631165,1343.3588867,2962610432.0000000,11743.8935547,143.8114014,1071.0000000,30325.5839844,28516.5546875,294107.0000000,606.0000000,1954.0000000,137.3513947,65.6049042,2.1283221,1796961.3750000,5192.3486328,997.2128296,139.9813232,1.1939306,407.4600830,1444.3790283,3968287232.0000000,12259.2187500,141.3118591,1874.0000000,64774.9609375,61372.1718750,366632.0000000,1092.0000000,3495.0000000,305.1037292,175.4952698,2.0199225,3283860.5000000,6785.9028320,1419.8591309,120.4521255,1.1158882,479.0056763,1508.8006592,4836695040.0000000,12264.1787109,135.5388794,2248.0000000,84956.5546875,85904.7109375,425807.0000000,1252.0000000,4002.0000000,454.7630310,257.1494141,1.9900260,4131939.2500000,7446.7968750,1558.2958984,118.8769531,1.0680097,706.8586426,1663.9373779,8006501376.0000000,13053.8085938,128.0000000,2731.0000000,108522.4218750,109027.3437500,613346.0000000,1463.0000000,4716.0000000,830.7957764,392.2137146,2.1169789,5539375.0000000,8738.8583984,2094.1328125,163.5916443,1.0970812,2963,,,none,,,,,1.0000000,0.5000000,,4.730745726316315
27,2964,34.8468018,34.8468018,128.0000000,0.0000000,1.5000000,5.0000000,5.4632659,1.0000000,0.0000000,1.0000000,168.6861572,2.0487247,2.0487247,153.5759125,312.9455872,8284757.5000000,696.5147705,107.6105423,60.0000000,371.1852417,1429.8696289,15092.0000000,41.0000000,130.0000000,52.3271599,38.0219765,1.3883734,2394.6152344,210.3300018,57.8514481,350.8092346,1.4701338,307.9964600,762.9589844,129439064.0000000,853.7662354,128.6358948,371.0000000,4256.6362305,8845.2402344,157598.0000000,221.0000000,704.0000000,102.6647263,36.7729225,3.2280469,35288.0859375,773.8057251,264.4623108,345.0780945,1.3502865,390.7207336,1015.7263794,244103440.0000000,900.1058960,134.4480133,866.0000000,19817.8437500,21103.7324219,281319.0000000,495.0000000,1596.0000000,162.4019775,61.9000931,3.1799703,955318.6875000,3776.4670410,769.9299927,22.8583698,1.1879913,439.8919067,1083.3845215,285133088.0000000,863.5322266,123.9549255,1529.0000000,52767.6796875,48946.3085938,329901.0000000,914.0000000,2931.0000000,265.1161194,129.1409912,2.9827542,2572625.2500000,6076.2548828,1226.0953369,154.7798767,1.1420511,507.3430176,1153.7896729,348467616.0000000,864.0725098,119.8407440,2151.0000000,79860.8906250,79401.2656250,391001.0000000,1212.0000000,3871.0000000,410.4360962,218.1644287,2.7819295,3774185.2500000,7094.6015625,1433.0578613,114.7729340,1.0612628,779.3085938,1333.4089355,549153856.0000000,895.3410645,128.0000000,2731.0000000,108522.4218750,109027.3437500,613346.0000000,1463.0000000,4716.0000000,871.9028931,394.2500000,2.6472914,5539375.0000000,8738.8583984,2053.5083008,163.5819092,1.0970812,2964,,,none,,,,,1.0000000,0.5000000,,5.463266024692136
28,2965,34.8468018,34.8468018,128.0000000,0.0000000,1.5000000,4.0000000,4.9232578,1.0000000,0.0000000,1.0000000,111.5502930,1.8462217,1.8462217,145.2028809,350.2440186,15538901.0000000,1461.0765381,119.0264893,65.0000000,388.8200989,1429.8696289,15881.0000000,45.0000000,143.0000000,51.6113777,36.8940430,1.4244127,2612.6977539,217.8062592,56.7195854,348.2291870,1.4449129,303.1020203,809.9010620,346843232.0000000,2981.0339355,130.4086151,381.0000000,4428.9770508,9311.0019531,159698.0000000,228.0000000,726.0000000,102.8036575,36.3036423,3.2362957,43082.4335938,835.3474121,263.2192383,344.6056213,1.2889147,385.8608093,1062.6586914,951683584.0000000,3708.5429688,135.4913025,879.0000000,20071.4062500,21194.4140625,282709.0000000,506.0000000,1632.0000000,163.2239990,61.5039406,3.1987500,955318.6875000,3776.4670410,767.6166992,22.7891293,1.1879913,437.0348206,1131.9465332,1200200960.0000000,3722.2900391,125.2014389,1556.0000000,54501.6718750,49894.3007812,332637.0000000,924.0000000,2963.0000000,272.1921997,132.5185852,2.9938183,3207211.5000000,6737.5429688,1390.0831299,119.3958054,1.1263299,503.7897034,1201.1680908,1493221504.0000000,3752.9538574,120.5803223,2161.0000000,80504.0078125,80427.5078125,392785.0000000,1216.0000000,3883.0000000,413.5319214,219.1693878,2.7955153,3890519.7500000,7192.5898438,1435.7207031,84.3172379,1.0581642,773.5757446,1379.8286133,2425881600.0000000,3955.1601562,128.0000000,2731.0000000,108522.4218750,109027.3437500,613346.0000000,1463.0000000,4716.0000000,871.6209717,393.7843018,2.6576736,5539375.0000000,8738.8583984,2054.7155762,163.6428070,1.0970812,2965,,,none,,,,,1.0000000,0.5000000,,4.923257801612115
29,2966,34.8468018,34.8468018,128.0000000,0.0000000,1.5000000,4.0000000,9.7197971,1.0000000,29.7692890,1.0337071,99.5184174,14.8084068,14.8084068,124.4678497,153.5659332,10968789.0000000,1293.6027832,87.7488098,45.0000000,290.8074341,1189.2316895,8019.0000000,28.0000000,88.0000000,45.8851395,33.5853004,1.3615103,2387.3557129,210.2589874,58.7614937,340.0001831,1.4736085,319.0078430,560.3504639,271260384.0000000,2499.9509277,111.2561569,313.0000000,3298.4628906,6551.2075195,138859.0000000,187.0000000,596.0000000,106.2054367,37.5707893,3.2112856,14364.7900391,548.4274292,186.3545990,12.7752123,1.6662079,403.8302307,826.2668457,811516800.0000000,3195.4267578,126.8664398,772.0000000,16577.8789062,18259.1640625,268542.0000000,452.0000000,1456.0000000,159.5883484,57.8658218,3.3035414,722165.1250000,3375.9140625,765.5151978,22.2831230,1.2558460,444.5442200,893.1084595,1036704512.0000000,3230.2807617,117.1115265,1402.0000000,48206.8710938,44337.4609375,313899.0000000,831.0000000,2663.0000000,234.5715790,102.9266052,3.1547282,2481235.0000000,5997.5712891,1223.3913574,155.1756134,1.1536473,527.4066162,979.3884888,1295201536.0000000,3262.6787109,119.0188446,2131.0000000,78735.1640625,77867.5703125,388977.0000000,1196.0000000,3822.0000000,412.8841248,213.9981689,2.8729482,3742634.2500000,7064.7724609,1383.6250000,119.5157776,1.0612290,802.0515137,1157.6773682,2113749120.0000000,3446.2587891,128.0000000,2731.0000000,108522.4218750,109027.3437500,613346.0000000,1463.0000000,4716.0000000,878.8989868,394.0612793,2.7017314,5539375.0000000,8738.8583984,2052.1176758,163.8266754,1.0970812,2966,,,none,,,,,1.0000000,0.5000000,,9.719797426470816
30,2967,34.8468018,34.8468018,128.0000000,0.0000000,1.5000000,4.0000000,6.5093074,0.9999999,29.1675606,1.0145611,115.5266190,13.3788261,13.3788261,126.2418900,158.8951874,9538517.0000000,1230.3996582,87.7488098,45.0000000,290.8074341,1189.2316895,8019.0000000,26.0000000,82.0000000,50.7188568,37.2400703,1.3308448,2387.3557129,210.2589874,63.4920807,333.4626770,1.4736085,320.6960144,556.2471313,216768720.0000000,2084.9511719,109.6583710,309.0000000,3224.0551758,6446.7167969,136655.0000000,185.0000000,590.0000000,113.7338257,42.3909912,3.0274646,14364.7900391,548.4274292,187.7855530,10.2864780,1.6662079,404.6974182,821.1295166,682838784.0000000,2707.1540527,125.3424454,765.0000000,16388.7246094,18184.0839844,265624.0000000,448.0000000,1443.0000000,165.6955872,60.1145592,3.2597806,700089.8750000,3347.4316406,765.4995117,21.6751423,1.2736784,447.0401306,891.9503784,880881856.0000000,2749.9465332,117.1051178,1388.0000000,46840.4179688,43556.8710938,313442.0000000,824.0000000,2641.0000000,241.0883789,104.3009109,3.1243732,2427717.7500000,5940.9624023,1193.8593750,149.1579590,1.1569259,530.4155884,978.4919434,1100832896.0000000,2777.2717285,119.0162354,2125.0000000,78574.4453125,77431.4375000,388970.0000000,1193.0000000,3813.0000000,420.9201660,215.4171143,2.8505125,3742634.2500000,7064.7724609,1375.5855713,119.5607758,1.0612290,805.0785522,1156.3513184,1801354368.0000000,2936.9301758,128.0000000,2731.0000000,108522.4218750,109027.3437500,613346.0000000,1463.0000000,4716.0000000,886.9706421,395.4035339,2.6902702,5539375.0000000,8738.8583984,2047.1278076,164.0055695,1.0970812,2967,,,none,,,,,1.0000000,0.5000000,,6.509307462399162
31,2968,34.8468018,34.8468018,128.0000000,0.0000000,1.5000000,2.0000000,1.2802387,1.0000000,0.0000000,1.0000000,220.8571167,0.4800895,0.4800895,119.2828217,835.7926025,480597.3437500,96.2904129,70.2697220,30.0000000,171.9126129,469.6191406,3840.0000000,16.0000000,52.0000000,32.8550453,26.5324383,1.2712350,1510.9357910,185.0201874,75.3942108,324.9010925,1.8029444,326.9733582,1030.8944092,8754389.0000000,90.1179123,52.5548401,176.0000000,1484.7177734,4338.9072266,68479.0000000,119.0000000,380.0000000,111.1032410,55.2120399,2.1454175,9058.1875000,368.5285034,126.8884964,351.5798645,1.1931390,438.6903076,1375.8754883,29865558.0000000,118.2323532,108.5582962,610.0000000,10965.0722656,14435.2656250,233410.0000000,343.0000000,1101.0000000,162.8314667,64.0722656,2.9512508,408714.6250000,2674.6428223,656.1749878,331.4505310,1.3928410,488.2228088,1475.6999512,38302996.0000000,119.8697281,111.8124390,1168.0000000,37968.1953125,34967.9765625,299327.0000000,659.0000000,2122.0000000,219.1784973,88.6989517,2.9679954,2132499.5000000,5540.3872070,1052.0058594,122.9481049,1.1454639,570.7850952,1560.5091553,48059668.0000000,121.1854782,114.4291840,1999.0000000,71551.3203125,68780.9140625,375175.0000000,1142.0000000,3652.0000000,399.3267212,202.4794464,2.7120225,3520442.0000000,6859.1689453,1361.1651611,119.3463898,1.0634962,861.8985596,1743.9412842,78497368.0000000,127.9821930,128.0000000,2731.0000000,108522.4218750,109027.3437500,613346.0000000,1463.0000000,4716.0000000,903.0362549,400.1011658,2.5936813,5539375.0000000,8738.8583984,2033.2698975,164.1879883,1.0970812,2968,,,none,,,,,1.0000000,0.5000000,,1.280238705831057
32,2969,34.8468018,34.8468018,128.0000000,0.0000000,1.5000000,4.0000000,12.2349014,1.0000000,0.0000000,1.0000000,141.0371857,4.5880880,4.5880880,132.8965454,227.8939667,7944405.5000000,1128.1062012,84.3909683,43.0000000,264.1675720,1099.5881348,7763.0000000,25.0000000,79.0000000,56.7912140,42.5511398,1.2965317,1945.3103027,195.5970459,70.9065475,330.5851440,1.5650413,325.5262451,571.0008545,168512720.0000000,1694.7023926,97.3394012,275.0000000,2842.8632812,5788.9609375,121183.0000000,168.0000000,535.0000000,119.4512329,48.8158493,2.6805012,14343.1357422,548.4152222,192.8780670,7.9795170,1.6686491,414.8509521,856.8182983,558335488.0000000,2226.8635254,122.1647949,726.0000000,14985.4853516,17376.6484375,259973.0000000,423.0000000,1359.0000000,171.3471985,64.5866699,3.1030223,576968.5625000,3089.3808594,743.8496094,19.7250538,1.3163788,454.5587463,927.9332275,726136896.0000000,2270.6528320,114.9942245,1318.0000000,43935.8320312,41276.8593750,307403.0000000,769.0000000,2468.0000000,232.8288727,98.1729813,3.0278149,2246362.5000000,5668.2524414,1081.5209961,19.6658096,1.1381741,542.2474976,1018.4368286,907469696.0000000,2292.7534180,118.2030792,2087.0000000,76372.1015625,74911.6093750,386858.0000000,1178.0000000,3766.0000000,425.5618286,216.5659943,2.7605665,3568395.5000000,6892.4838867,1366.7229004,119.4675064,1.0594213,819.4631348,1196.3538818,1488697472.0000000,2427.1738281,128.0000000,2731.0000000,108522.4218750,109027.3437500,613346.0000000,1463.0000000,4716.0000000,896.3027344,397.9856262,2.6351795,5539375.0000000,8738.8583984,2039.2463379,164.1354370,1.0970812,2969,,,none,,,,,1.0000000,0.5000000,,12.234901680692390
33,2970,34.8468018,34.8468018,128.0000000,0.0000000,1.5000000,4.0000000,1.6155777,1.0000000,0.0000000,1.0000000,141.0372314,0.6058416,0.6058416,133.8278656,781.9982910,6103893.5000000,973.3016357,84.2095490,42.0000000,259.1666260,1099.5881348,7640.0000000,25.0000000,79.0000000,60.7325325,46.6321678,1.2875075,1945.3103027,195.5970459,76.9360657,329.6255798,1.5650413,325.5580750,1112.9434814,121588696.0000000,1306.6585693,94.2322235,265.0000000,2679.7668457,5605.2187500,117157.0000000,164.0000000,523.0000000,125.0425720,55.0014305,2.4496019,14343.1357422,548.4152222,197.5950165,6.4887476,1.6686491,416.5816345,1405.2683105,433295712.0000000,1745.1400146,121.5992661,719.0000000,14783.8203125,17234.0019531,258784.0000000,417.0000000,1339.0000000,177.2930145,69.2547684,2.9658098,576968.5625000,3089.3808594,747.4681396,19.2710304,1.3163788,456.4040833,1477.2601318,571922368.0000000,1791.6909180,114.7029800,1306.0000000,43606.4648438,41120.0820312,306746.0000000,761.0000000,2443.0000000,237.9355164,101.4397049,2.9172635,2246362.5000000,5668.2524414,1085.1403809,19.3534470,1.1381741,538.4924316,1563.0184326,713746176.0000000,1807.0817871,118.2018967,2084.0000000,76085.9062500,74601.2656250,381555.0000000,1176.0000000,3759.0000000,413.0773010,209.9674072,2.6833305,3544247.0000000,6879.8442383,1360.2872314,119.3602371,1.0627310,822.0523071,1745.8657227,1175778432.0000000,1916.9903564,128.0000000,2731.0000000,108522.4218750,109027.3437500,613346.0000000,1463.0000000,4716.0000000,903.2015381,400.2978516,2.5840778,5539375.0000000,8738.8583984,2032.8790283,164.2120209,1.0970812,2970,,,none,,,,,1.0000000,0.5000000,,1.615577683559129
34,2971,34.8468018,34.8468018,128.0000000,0.0000000,1.5000000,2.0000000,17.7929192,1.0000000,299.1368713,1.6740121,41.9106445,118.8486633,118.8486633,167.1444702,62.9274178,1250901.3750000,83.6295090,41.4750214,38.0000000,241.5252533,863.5221558,9858.0000000,29.0000000,92.0000000,35.2859535,21.7430840,1.8623348,1512.0673828,170.8746490,73.9253922,149.1714935,1.5366476,317.0579529,493.3636169,18852566.0000000,122.6995316,117.5473022,342.0000000,3921.1843262,8048.7285156,147371.0000000,208.0000000,661.0000000,74.7004700,35.3161621,2.2249918,30903.2187500,737.2632446,223.1602631,343.6879272,1.3996891,401.4742737,760.6428223,35664532.0000000,130.6127472,133.3040314,826.0000000,18861.3222656,20290.9414062,278211.0000000,477.0000000,1539.0000000,131.2441254,55.5187607,2.4289839,955318.6875000,3776.4670410,733.9682617,24.5295334,1.1879913,443.0876160,821.9438477,41126804.0000000,124.0633774,120.1947327,1483.0000000,50681.3242188,46852.1953125,321388.0000000,883.0000000,2832.0000000,216.2022705,108.8831329,2.3573205,2570717.5000000,6073.6591797,1266.3128662,155.3562622,1.1419225,518.2897949,901.1904297,49916500.0000000,123.6864929,119.4289932,2143.0000000,79646.4453125,78701.0468750,390058.0000000,1207.0000000,3855.0000000,379.1117554,208.4859314,2.2378874,3764963.2500000,7090.8066406,1456.0678711,116.1734467,1.0627245,790.6139526,1080.3062744,78497368.0000000,127.9821930,128.0000000,2731.0000000,108522.4218750,109027.3437500,613346.0000000,1463.0000000,4716.0000000,841.9631348,391.7044678,2.2678044,5539375.0000000,8738.8583984,2095.1569824,163.7579651,1.0970812,2971,,,none,,,,,1.0000000,0.5000000,,17.792918823789798
35,2972,34.8468018,34.8468018,128.0000000,0.0000000,1.5000000,5.0000000,1.7015461,1.0000000,0.0000000,1.0000000,254.3293457,0.6380798,0.6380798,148.7465668,739.0132446,5604437.5000000,443.6025696,166.4762421,65.0000000,416.6787415,1712.7539062,14130.0000000,41.0000000,129.0000000,38.7052574,28.4769440,1.3404619,3075.5339355,226.6213074,61.6645775,145.8417816,1.3288351,308.9381409,1167.6473389,111573384.0000000,1174.3975830,124.9759903,345.0000000,3740.9196777,7857.3564453,149790.0000000,201.0000000,640.0000000,89.1062241,32.0180016,3.1164112,16983.0566406,562.2020874,183.7343597,15.2185068,1.4810141,395.8152161,1423.8105469,294117120.0000000,1170.2784424,131.4826050,806.0000000,18157.1425781,19991.8750000,275839.0000000,464.0000000,1496.0000000,146.8135529,55.9590950,3.0639989,799601.5625000,3549.1599121,762.3065186,23.3911057,1.2536249,437.7380981,1485.9230957,316978496.0000000,963.7134399,119.5370331,1465.0000000,50267.8476562,46330.2968750,319163.0000000,867.0000000,2780.0000000,230.2814026,109.0345078,2.9130216,2513315.7500000,6018.6625977,1236.4804688,154.8249512,1.1469463,515.5709229,1566.6605225,325993216.0000000,828.5919189,119.0873108,2141.0000000,79614.4531250,78326.3984375,389155.0000000,1203.0000000,3843.0000000,395.4797668,212.1844482,2.6889946,3764963.2500000,7090.8066406,1440.4073486,115.0683136,1.0627245,791.1190186,1746.0718994,354689664.0000000,578.2864380,128.0000000,2731.0000000,108522.4218750,109027.3437500,613346.0000000,1463.0000000,4716.0000000,861.2153320,392.3868713,2.5766883,5539375.0000000,8738.8583984,2063.9221191,163.5644379,1.0970812,2972,,,none,,,,,1.0000000,0.5000000,,1.701546076559625
36,2973,34.8468018,34.8468018,128.0000000,0.0000000,1.5000000,5.0000000,9.3427324,1.0000000,0.0000000,1.0000000,11.1144915,3.5035248,3.5035248,144.1844025,332.4121399,35235924.0000000,1925.4530029,174.6496735,90.0000000,566.7713623,1979.2736816,27270.0000000,58.0000000,185.0000000,48.2202148,29.8394146,1.7142485,2850.0141602,223.1597748,64.6793823,148.4840546,1.3905127,281.2915039,872.4270630,843779072.0000000,6849.7294922,162.1351166,463.0000000,6019.8295898,10842.7216797,187573.0000000,260.0000000,830.0000000,93.6298065,33.3016891,3.1110880,111956.0781250,1351.1057129,316.6567688,342.8570862,1.2975410,352.8951721,1089.1896973,2552213248.0000000,10264.3593750,141.9410858,1001.0000000,26111.6445312,25769.6757812,291067.0000000,571.0000000,1840.0000000,156.0089722,60.8917961,2.9776957,1419545.3750000,4655.0361328,923.2389526,139.1692657,1.2147502,424.3567200,1180.9963379,3460942080.0000000,10787.2851562,136.7659607,1758.0000000,61183.0664062,57151.5820312,358171.0000000,1026.0000000,3287.0000000,314.0816650,166.1559601,2.7211373,3230327.0000000,6752.5209961,1400.7342529,119.7327576,1.1232477,485.6968079,1238.5853271,4239393792.0000000,10808.8955078,128.1196747,2216.0000000,83638.1171875,84338.2187500,410208.0000000,1243.0000000,3974.0000000,446.9027710,240.7935028,2.6032906,4106058.0000000,7416.6914062,1539.6564941,118.2030869,1.0660694,733.3831177,1405.5993652,7098672128.0000000,11573.6826172,128.0000000,2731.0000000,108522.4218750,109027.3437500,613346.0000000,1463.0000000,4716.0000000,856.4699707,391.7489319,2.5433066,5539375.0000000,8738.8583984,2068.0749512,163.6007385,1.0970812,2973,,,none,,,,,1.0000000,0.5000000,,9.342732858115760
37,2974,34.8468018,34.8468018,128.0000000,0.0000000,1.5000000,6.0000000,7.7345266,1.0000000,0.0000000,1.0000000,261.2252808,2.9004474,2.9004474,147.8957367,310.4255981,12089301.0000000,1004.1015015,177.9910583,77.0000000,442.3978271,1879.2680664,17889.0000000,53.0000000,168.0000000,45.7110329,31.6712265,1.4103287,3108.6269531,227.4746704,63.5282822,134.8070679,1.3246088,297.8680420,779.7211304,265473744.0000000,3276.4770508,135.2377777,390.0000000,4529.4145508,9584.5898438,162507.0000000,230.0000000,732.0000000,94.9545059,32.5578194,3.3066752,44991.2304688,853.6862793,253.8238220,346.3535461,1.2890177,381.8216248,1029.4392090,1098116864.0000000,4818.0463867,136.7236938,887.0000000,20324.3515625,21521.8945312,284193.0000000,508.0000000,1639.0000000,157.0208588,59.7801704,3.1391993,973910.3750000,3790.6694336,764.9088745,23.6861134,1.1740943,433.4831543,1097.8909912,1652718976.0000000,5270.5922852,125.8990936,1571.0000000,54931.3242188,50204.2929688,333754.0000000,935.0000000,2998.0000000,267.3868408,132.8980865,2.9231474,3207211.5000000,6737.5429688,1402.2852783,119.4534073,1.1263299,499.3510437,1165.9216309,2013264256.0000000,5256.6655273,120.5803223,2162.0000000,80776.3437500,80484.6171875,392786.0000000,1217.0000000,3886.0000000,406.0335083,218.1970215,2.7369869,3912425.2500000,7202.6191406,1458.3686523,94.6335602,1.0551763,769.8129272,1344.9573975,3516281344.0000000,5732.9492188,128.0000000,2731.0000000,108522.4218750,109027.3437500,613346.0000000,1463.0000000,4716.0000000,864.3197632,392.9346619,2.6167231,5539375.0000000,8738.8583984,2064.4543457,163.4344482,1.0970812,2974,,,none,,,,,1.0000000,0.5000000,,7.734526489358963
38,2975,34.8468018,34.8468018,128.0000000,0.0000000,1.5000000,2.0000000,4.5013514,0.9999999,82.2553787,1.2082468,226.7598114,32.5337753,32.5337753,95.4301529,125.0927811,464213.3437500,124.4057846,126.6966324,29.0000000,131.9795380,578.8380737,3712.0000000,17.0000000,54.0000000,29.7711563,24.1881027,1.2063460,1126.8535156,136.9502869,63.2344856,25.7618198,1.3244896,322.5818787,263.3436890,6357717.5000000,88.4187775,49.2766075,145.0000000,1034.1512451,2612.7402344,49755.0000000,96.0000000,308.0000000,96.3672028,48.7708855,2.1118963,7676.0229492,338.3598328,116.0328979,64.8409653,1.1868927,451.8246765,597.9102173,27168726.0000000,113.5932312,99.2893982,536.0000000,7916.6337891,12756.7021484,212230.0000000,302.0000000,968.0000000,144.2802124,54.5835266,3.2568195,179866.6406250,1688.0583496,485.3424988,5.2614622,1.2607077,514.6415405,723.3308105,37935316.0000000,119.4381790,110.9500961,1094.0000000,32337.4316406,30523.3242188,296269.0000000,616.0000000,1987.0000000,207.1939392,88.6091614,2.9725206,1864299.5000000,5250.3666992,1047.3526611,25.3834190,1.1766675,594.4520874,803.1752930,47270804.0000000,120.1846161,112.4283676,1902.0000000,65687.8671875,63293.7890625,369387.0000000,1104.0000000,3533.0000000,378.3612061,203.8853760,2.6995153,3300609.2500000,6799.2744141,1418.3658447,118.3837280,1.1146054,893.3753052,987.5999146,78497368.0000000,127.9821930,128.0000000,2731.0000000,108522.4218750,109027.3437500,613346.0000000,1463.0000000,4716.0000000,899.0108032,402.0788269,2.5952563,5539375.0000000,8738.8583984,2057.6896973,162.5976715,1.0970812,2975,,,none,,,,,1.0000000,0.5000000,,4.501351620224407
39,2977,34.8468018,34.8468018,128.0000000,0.0000000,1.5000000,3.0000000,20.5223846,1.0000001,197.5929718,1.1287035,171.4458618,81.7932587,81.7932587,146.9777832,64.2541809,982741.3125000,100.0673904,74.9488144,43.0000000,288.6049194,1189.2316895,7763.0000000,27.0000000,85.0000000,55.0753288,40.7371597,1.4198296,2387.3557129,210.2589874,68.5600891,350.8251343,1.4736085,320.8403320,468.4237671,17637718.0000000,119.2272949,110.6130295,312.0000000,3288.1508789,6551.2075195,137880.0000000,187.0000000,596.0000000,112.2539368,44.0630493,2.9898527,14364.7900391,548.4274292,201.1231689,13.7999496,1.6662079,404.5727539,733.9747314,34203860.0000000,127.1105042,126.3027649,768.0000000,16470.9394531,18194.8320312,267191.0000000,449.0000000,1447.0000000,164.8364410,65.1248856,3.0593624,722165.1250000,3375.9140625,780.8616943,22.3579693,1.2558460,446.1596069,802.9559937,40167508.0000000,122.5202484,117.1100922,1395.0000000,47073.5234375,43790.3828125,313891.0000000,829.0000000,2657.0000000,240.5805817,111.1912460,2.9243147,2427717.7500000,5940.9624023,1192.0463867,148.3012390,1.1569259,528.9119873,889.1441040,49778004.0000000,123.4810944,119.0183487,2130.0000000,78734.3593750,77867.5703125,388976.0000000,1195.0000000,3819.0000000,418.9016418,222.5832367,2.6838539,3742634.2500000,7064.7724609,1382.7875977,118.8788071,1.0612290,803.3779297,1067.2883301,78497368.0000000,127.9821930,128.0000000,2731.0000000,108522.4218750,109027.3437500,613346.0000000,1463.0000000,4716.0000000,884.8890381,397.9239197,2.5940619,5539375.0000000,8738.8583984,2040.7500000,163.5359955,1.0970812,2977,,,none,,,,,1.0000000,0.5000000,,20.522383658932341
40,2979,34.8468018,34.8468018,128.0000000,0.0000000,1.5000000,3.0000000,1.0719326,1.0000000,0.0000000,1.0000000,181.4272919,0.4019747,0.4019747,125.7307739,990.8557739,464213.3437500,95.7350388,69.3551254,29.0000000,170.6368866,469.6191406,3712.0000000,16.0000000,52.0000000,43.4884834,32.9114113,1.3577714,1510.9357910,185.0201874,87.8947754,328.9885559,1.8029444,326.2481689,1131.5643311,6506453.5000000,84.0066833,40.4424019,141.0000000,1048.5822754,2812.6635742,50917.0000000,99.0000000,315.0000000,122.0841370,67.5277557,1.8840634,7198.5126953,325.6454468,125.6406097,343.0598755,1.1722962,447.2067871,1474.6315918,27539158.0000000,114.2732925,100.6480789,559.0000000,8548.2099609,13250.6464844,215235.0000000,317.0000000,1017.0000000,170.6599426,70.8097000,2.8070674,205498.7187500,1832.4732666,505.2910461,357.7129822,1.3003381,507.7765198,1599.0203857,38087892.0000000,119.5978317,111.2690506,1116.0000000,33908.0742188,31811.0175781,297647.0000000,628.0000000,2024.0000000,233.9182739,96.3552322,2.8233120,1888045.2500000,5252.0654297,1041.4454346,21.6621666,1.1626205,586.0776978,1678.6926270,47335380.0000000,120.2705688,112.6002045,1929.0000000,67591.1953125,64798.8789062,369893.0000000,1118.0000000,3577.0000000,403.2568970,204.4358368,2.6031675,3448932.2500000,6838.2099609,1351.3994141,118.8769684,1.0789227,883.2344360,1864.3217773,78497368.0000000,127.9821930,128.0000000,2731.0000000,108522.4218750,109027.3437500,613346.0000000,1463.0000000,4716.0000000,922.3168945,405.5770264,2.5374575,5539375.0000000,8738.8583984,2018.5086670,164.1616669,1.0970812,2979,,,none,,,,,1.0000000,0.5000000,,1.071932576597397
41,2981,34.8468018,34.8468018,128.0000000,0.0000000,1.5000000,5.0000000,17.8151989,0.9999999,84.8773880,1.3434861,172.5938263,38.5097198,38.5097198,132.3842773,117.8786163,4130389.2500000,774.4259033,77.7331619,37.0000000,205.6601715,598.2511597,7010.0000000,22.0000000,70.0000000,66.5215759,53.3771095,1.2149172,1596.6751709,188.5578156,85.5036850,325.3539734,1.7719957,326.2895813,429.2727661,77858136.0000000,925.1806641,89.5286713,256.0000000,2560.1408691,5512.3452148,110204.0000000,161.0000000,514.0000000,133.1186981,63.2272568,2.2149611,14056.8066406,540.4619141,204.0550842,4.4127107,1.6536123,418.0106812,726.5684814,311066144.0000000,1267.8117676,119.4106750,705.0000000,14412.1074219,16937.9472656,253332.0000000,404.0000000,1297.0000000,183.0118408,75.2440796,2.7491848,570079.2500000,3085.7949219,752.1683350,18.6209297,1.3291960,460.9638062,806.1780396,417927072.0000000,1312.5850830,114.2087173,1288.0000000,42985.5820312,39852.0156250,306061.0000000,746.0000000,2397.0000000,246.1656952,106.9720535,2.7379880,2234829.2500000,5658.6665039,1081.1351318,21.8477440,1.1401814,542.2732544,890.9860840,521346976.0000000,1322.7550049,116.0184174,2074.0000000,75884.7187500,73272.0468750,380272.0000000,1173.0000000,3750.0000000,420.4544678,214.0364990,2.5425596,3544247.0000000,6879.8442383,1351.0847168,119.2290955,1.0627310,827.3845825,1074.3348389,862597184.0000000,1406.3793945,128.0000000,2731.0000000,108522.4218750,109027.3437500,613346.0000000,1463.0000000,4716.0000000,912.8933716,403.8279114,2.5006638,5539375.0000000,8738.8583984,2024.1759033,164.3338470,1.0970812,2981,,,none,,,,,1.0000000,0.5000000,,17.815199029604244
42,2982,34.8468018,34.8468018,128.0000000,0.0000000,1.5000000,5.0000000,1.9603939,1.0000000,0.0000000,1.0000000,222.5109863,0.7351477,0.7351477,107.8736267,665.5644531,1922389.3750000,419.7572021,70.2697220,30.0000000,171.9126129,469.6191406,3840.0000000,16.0000000,52.0000000,45.1400642,33.9320145,1.3582649,1510.9357910,185.0201874,87.7371979,329.4528198,1.8029444,327.3105164,860.0418701,34179796.0000000,419.6564331,52.5548401,176.0000000,1484.7177734,4338.9072266,68479.0000000,119.0000000,380.0000000,130.4543152,67.2790222,2.0255592,9058.1875000,368.5285034,141.2266998,351.4498901,1.1931390,439.5198364,1204.2656250,141890384.0000000,577.3230591,108.5578690,609.0000000,10955.6875000,14435.2656250,233409.0000000,343.0000000,1101.0000000,182.4772491,75.1659698,2.8133652,406131.5625000,2668.4797363,670.2225952,331.8630371,1.3952473,489.0981750,1303.9348145,189859280.0000000,596.9367676,111.8120575,1168.0000000,37968.1953125,34967.9765625,299327.0000000,656.0000000,2113.0000000,238.8533173,99.3258362,2.8294022,2132499.5000000,5540.3872070,1056.9420166,22.4856319,1.1454639,571.6881104,1388.6417236,237235856.0000000,601.8280029,114.3293991,1995.0000000,71444.4765625,68778.1093750,375171.0000000,1141.0000000,3648.0000000,419.0151672,212.5682373,2.6036654,3520442.0000000,6859.1689453,1351.8774414,118.8567505,1.0634962,862.8555908,1571.9294434,392333920.0000000,639.6616211,128.0000000,2731.0000000,108522.4218750,109027.3437500,613346.0000000,1463.0000000,4716.0000000,922.7602539,405.5433350,2.5442109,5539375.0000000,8738.8583984,2018.5062256,164.1424866,1.0970812,2982,,,none,,,,,1.0000000,0.5000000,,1.960393863423014
43,2983,34.8468018,34.8468018,128.0000000,0.0000000,1.5000000,2.0000000,4.7093153,1.0000000,0.0000000,1.0000000,222.5120850,1.7659932,1.7659932,109.0281143,359.9372559,480597.3437500,96.2904129,70.2697220,30.0000000,171.9126129,469.6191406,3840.0000000,16.0000000,52.0000000,48.2177887,35.0459938,1.3520240,1510.9357910,185.0201874,88.6872330,331.6946106,1.8029444,327.3785706,550.9111328,8613205.0000000,89.7635727,51.8513756,173.0000000,1428.0599365,4308.3662109,67376.0000000,118.0000000,377.0000000,133.5052490,68.1509476,2.0446939,7991.5429688,342.0118408,127.3093414,344.7199402,1.1647743,440.7673035,896.9750977,29865110.0000000,118.2317352,108.5570679,606.0000000,10535.1220703,14352.9355469,233406.0000000,342.0000000,1098.0000000,185.8039246,76.1277313,2.8131597,403516.1250000,2667.9782715,671.3334961,332.1319580,1.4037631,490.3469849,996.4588623,38302676.0000000,119.8689651,111.8109207,1167.0000000,37950.8828125,34667.9140625,299326.0000000,652.0000000,2099.0000000,242.1842194,100.6166992,2.8201358,2132499.5000000,5540.3872070,1060.0740967,22.5473900,1.1454639,572.9336548,1081.0445557,48010708.0000000,121.0741425,114.2065125,1991.0000000,71238.3125000,68778.1093750,375167.0000000,1139.0000000,3642.0000000,422.3450317,214.1539917,2.5958493,3520442.0000000,6859.1689453,1352.6683350,118.7194366,1.0634962,864.1060791,1264.1571045,78497368.0000000,127.9821930,128.0000000,2731.0000000,108522.4218750,109027.3437500,613346.0000000,1463.0000000,4716.0000000,926.0935059,406.1366882,2.5434890,5539375.0000000,8738.8583984,2016.7595215,164.0618134,1.0970812,2983,,,none,,,,,1.0000000,0.5000000,,4.709315369352757
