OID_,Shape_Leng,ID,Z_start,Z_end,Weight,Esc,Total,LConn,LLen,LFrac,LAC,LSin,LBear,HMf,HMb,MHDWp200,NQPDHWp200,BtHWp200,TPBtHWp200,TPDWp200,Lnk200,Len200,AngD200,WtWp200,Jnc200,Con200,MGLHWp200,MCFWp200,DivHWp200,HullA200,HullP200,HullR200,HullB200,HullSI200,MHDWp400,NQPDHWp400,BtHWp400,TPBtHWp400,TPDWp400,Lnk400,Len400,AngD400,WtWp400,Jnc400,Con400,MGLHWp400,MCFWp400,DivHWp400,HullA400,HullP400,HullR400,HullB400,HullSI400,MHDWp600,NQPDHWp600,BtHWp600,TPBtHWp600,TPDWp600,Lnk600,Len600,AngD600,WtWp600,Jnc600,Con600,MGLHWp600,MCFWp600,DivHWp600,HullA600,HullP600,HullR600,HullB600,HullSI600,MHDWp800,NQPDHWp800,BtHWp800,TPBtHWp800,TPDWp800,Lnk800,Len800,AngD800,WtWp800,Jnc800,Con800,MGLHWp800,MCFWp800,DivHWp800,HullA800,HullP800,HullR800,HullB800,HullSI800,MHDWp1000,NQPDHWp100,BtHWp1000,TPBtHWp100,TPDWp1000,Lnk1000,Len1000,AngD1000,WtWp1000,Jnc1000,Con1000,MGLHWp1000,MCFWp1000,DivHWp1000,HullA1000,HullP1000,HullR1000,HullB1000,HullSI1000,MHDWpn,NQPDHWpn,BtHWpn,TPBtHWpn,TPDWpn,Lnkn,Lenn,AngDn,WtWpn,Jncn,Conn,MGLHWpn,MCFWpn,DivHWpn,HullAn,HullPn,HullRn,HullBn,HullSIn,PC,x,y,z,OBJECTID,Shape_Le_1,ID_1,Gate,Z_start_1,Z_end_1,Weight_1,Esc_1,Shade,Width,Total_1
0,52.181995252400000,10,38.5708008,28.0151005,275.0000000,1.0000000,2.2500000,5.0000000,62.3917007,1.0000000,88.2680969,1.1726201,124.2979965,84.7462006,84.7462006,122.2570038,33.4772987,799263.0000000,223.7769928,202.5149994,40.0000000,1569.2800293,1430.4499512,3084.0000000,29.0000000,92.0000000,136.5820007,98.5019989,1.4544801,54254.6015625,994.7630005,246.7640076,154.7469940,1.4514199,196.6049957,46.3945999,1735560.0000000,267.0379944,268.2609863,224.0000000,13964.0996094,9574.4697266,6428.0000000,145.0000000,461.0000000,194.5729980,117.5250015,1.7117800,1117910.0000000,4122.2998047,908.2399902,300.7160034,1.2096500,489.5050049,99.6331024,9756520.0000000,222.1510010,166.3049927,692.0000000,36226.0000000,24657.0000000,35774.0000000,428.0000000,1375.0000000,967.1619873,607.9489746,1.6147300,2465700.0000000,6252.4501953,1605.9100342,309.6390076,1.2616800,663.2119751,301.8280029,49016800.0000000,213.9629974,148.4889984,1389.0000000,61866.6992188,52069.6015625,177974.0000000,835.0000000,2669.0000000,1189.8699951,732.2490234,1.6288199,3756300.0000000,7130.8100586,1667.9799805,330.4710083,1.0772300,787.9019775,528.6909790,105605000.0000000,266.4259949,251.7290039,2168.0000000,88555.0000000,86740.3984375,380874.0000000,1220.0000000,3895.0000000,1355.4100342,790.7930298,1.6996599,4411770.0000000,7624.0498047,1697.1700439,329.2229919,1.0484500,958.2609863,718.7059937,171072000.0000000,278.9159851,275.0000000,2731.0000000,108522.0000000,109027.0000000,613346.0000000,1463.0000000,4716.0000000,1703.0699463,878.9589844,1.9126400,5539380.0000000,8738.8603516,1710.6899414,347.5289917,1.0970800,240003505,0.0000000,0.0000000,0.0000000,10,0.000000000000000,0, ,0.0000000,0.0000000,0.0000000,0.0000000,1.2500000,1.0000000,0.0000000
1,50.163834275299998,20,38.5537987,38.5537987,470.0000000,0.0000000,2.0000000,2.0000000,50.1637993,1.0000000,89.8476028,1.0964600,297.2080078,70.0056992,70.0056992,92.4550018,33.7631989,736333.0000000,391.6669922,470.0000000,7.0000000,122.9029999,224.6759949,1880.0000000,4.0000000,12.0000000,37.2696991,16.6130009,2.5193300,456.1929932,107.4830017,45.9944992,291.3580017,2.0152299,181.7619934,36.3716011,1178130.0000000,427.5690002,489.5830078,8.0000000,167.7510071,408.5230103,2820.0000000,4.0000000,12.0000000,40.6815987,15.9343004,2.7658701,456.1929932,107.4830017,45.9944992,291.3580017,2.0152299,181.7619934,36.3716011,1178130.0000000,417.7780151,470.0000000,8.0000000,167.7510071,408.5230103,2820.0000000,4.0000000,12.0000000,40.6815987,15.9343004,2.7658701,456.1929932,107.4830017,45.9944992,291.3580017,2.0152299,181.7619934,36.3716011,1178130.0000000,417.7780151,470.0000000,8.0000000,167.7510071,408.5230103,2820.0000000,4.0000000,12.0000000,40.6815987,15.9343004,2.7658701,456.1929932,107.4830017,45.9944992,291.3580017,2.0152299,181.7619934,36.3716011,1178130.0000000,417.7780151,470.0000000,8.0000000,167.7510071,408.5230103,2820.0000000,4.0000000,12.0000000,40.6815987,15.9343004,2.7658701,456.1929932,107.4830017,45.9944992,291.3580017,2.0152299,181.7619934,36.3716011,1178130.0000000,417.7780151,470.0000000,8.0000000,167.7510071,408.5230103,2820.0000000,4.0000000,12.0000000,40.6815987,15.9343004,2.7658701,456.1929932,107.4830017,45.9944992,291.3580017,2.0152299,0,0.0000000,0.0000000,0.0000000,20,0.000000000000000,0,none,0.0000000,0.0000000,0.0000000,0.0000000,1.0000000,1.0000000,0.0000000
2,29.007454836299999,559,38.5844994,38.5844994,40.0000000,0.0000000,0.7500000,5.0000000,29.0074997,1.0000000,95.9775009,1.1082400,123.2229996,23.4347000,23.4347000,126.5329971,35.3704987,335773.0000000,97.6453018,32.1162987,45.0000000,1481.1099854,2579.9699707,3283.0000000,27.0000000,86.0000000,146.9519958,106.3860016,1.4306999,44629.3984375,832.8259888,219.2160034,229.6369934,1.2367400,195.6770020,47.1777992,749873.0000000,116.0250015,38.9936981,175.0000000,9548.1503906,8486.9804688,6380.0000000,108.0000000,341.0000000,221.5090027,134.5330048,1.6190799,646512.0000000,3226.0900879,645.1320190,89.6356964,1.2810500,343.2950134,54.9045982,1072450.0000000,88.8303986,20.5429001,506.0000000,27040.6992188,17536.0996094,10701.0000000,327.0000000,1045.0000000,599.4290161,338.3900146,1.7016701,1808210.0000000,5393.4501953,1268.5899658,299.7590027,1.2801900,693.7559814,218.1089935,13202600.0000000,80.6004028,15.8878002,1128.0000000,53652.3007812,40774.8007812,128392.0000000,693.0000000,2223.0000000,1345.8399658,713.2030029,1.8808900,3186750.0000000,6676.9902344,1630.1500244,306.3070068,1.1132801,826.5189819,428.3280029,35703300.0000000,101.4219971,29.8526993,1973.0000000,81851.1015625,76054.6015625,320086.0000000,1144.0000000,3657.0000000,1510.8399658,785.9689941,1.9118400,4291740.0000000,7493.2900391,1676.8699951,325.0809937,1.0411201,1030.2500000,666.4660034,73586896.0000000,119.9759979,40.0000000,2731.0000000,108522.0000000,109027.0000000,613346.0000000,1463.0000000,4716.0000000,1901.0300293,902.1420288,2.0763800,5539380.0000000,8738.8603516,1676.8699951,325.0809937,1.0970800,0,0.0000000,0.0000000,0.0000000,559,0.000000000000000,0,no_73,0.0000000,0.0000000,0.0000000,0.0000000,0.2500000,0.5000000,0.0000000
3,14.511553422900000,564,38.5844994,38.6010017,40.0000000,0.0000000,0.7500000,4.0000000,14.5115995,1.0000000,20.1147995,1.0149601,185.5130005,6.4939899,6.4924402,109.3369980,63.7947006,1179780.0000000,315.5390015,40.2229996,66.0000000,2053.3000488,3013.5100098,3890.0000000,47.0000000,149.0000000,145.4400024,102.3679962,1.4389700,60891.5000000,964.0469971,236.3390045,205.7310028,1.2145900,161.9600067,74.3771973,2215160.0000000,347.5690002,39.1290016,210.0000000,11635.9003906,9146.1298828,6415.0000000,137.0000000,435.0000000,200.6900024,125.4580002,1.5673500,849038.0000000,3608.8601074,796.2769775,294.8599854,1.2206800,467.3210144,113.7490005,3891510.0000000,196.4960022,23.2996006,651.0000000,33931.5000000,23411.6992188,28262.0000000,405.0000000,1300.0000000,1094.3399658,577.7630005,1.8359100,2222000.0000000,6072.4399414,1617.9499512,305.6010132,1.3206000,669.0079956,310.5820007,28283000.0000000,153.5209961,20.4146004,1328.0000000,59461.8007812,49378.8007812,167272.0000000,802.0000000,2564.0000000,1411.8000488,720.8800049,1.9501700,3687600.0000000,7064.6699219,1651.3499756,315.0199890,1.0770400,796.6530151,535.4370117,67060400.0000000,181.6790009,35.3230019,2138.0000000,86984.0000000,84727.7031250,369502.0000000,1212.0000000,3870.0000000,1578.4499512,788.5819702,1.9881500,4411770.0000000,7624.0498047,1670.1899414,325.4460144,1.0484500,973.7180176,734.2310181,124984000.0000000,203.7740021,40.0000000,2731.0000000,108522.0000000,109027.0000000,613346.0000000,1463.0000000,4716.0000000,1937.5799561,893.1099854,2.1397099,5539380.0000000,8738.8603516,1670.1899414,325.4460144,1.0970800,0,0.0000000,0.0000000,0.0000000,564,0.000000000000000,0,none,0.0000000,0.0000000,0.0000000,0.0000000,0.2500000,0.5000000,0.0000000
4,22.740534197700001,590,38.5681992,26.2040005,1.0000000,0.0000000,0.5000000,2.0000000,28.8054008,1.0000000,206.6360016,1.1172200,122.2529984,29.4400997,30.2127991,153.9750061,19.1618004,2735.3300781,0.8207050,0.6418980,45.0000000,1437.0999756,2500.3601074,2736.0000000,32.0000000,102.0000000,183.8229980,127.5029984,1.4716800,42944.0000000,858.6049805,215.8809967,332.1400146,1.3660700,225.8750000,32.5191002,6387.8300781,0.9870150,0.9742390,185.0000000,10151.7001953,8344.2695312,6389.0000000,116.0000000,366.0000000,242.0959930,140.0509949,1.9376100,768387.0000000,3371.6101074,721.6450195,80.4213028,1.1772900,421.0840149,47.0205994,14654.2998047,0.7645590,0.5292090,538.0000000,28804.3007812,19187.4003906,14655.0000000,340.0000000,1086.0000000,858.5189819,453.9909973,1.9290200,1819240.0000000,5394.6899414,1269.1400146,305.4630127,1.2730100,690.3350220,214.0820007,134931.0000000,0.7094050,0.4188200,1165.0000000,55241.6992188,42800.8984375,134787.0000000,709.0000000,2271.0000000,1433.6300049,747.0029907,1.9244601,3504600.0000000,7013.3701172,1665.0899658,329.1979980,1.1168801,822.1149902,428.6740112,329995.0000000,0.8873810,0.7747670,2020.0000000,83482.0000000,78527.2031250,329996.0000000,1167.0000000,3729.0000000,1603.3299561,813.0989990,1.9658800,4294490.0000000,7494.4702148,1729.5500488,328.9400024,1.0407799,1020.0999756,658.9489746,613345.0000000,0.9999990,1.0000000,2731.0000000,108522.0000000,109027.0000000,613346.0000000,1463.0000000,4716.0000000,1984.7199707,907.7199707,2.1740799,5539380.0000000,8738.8603516,1738.8199463,346.9249878,1.0970800,0,0.0000000,0.0000000,0.0000000,590,0.000000000000000,0,none,0.0000000,0.0000000,0.0000000,0.0000000,0.0000000,0.5000000,0.0000000
5,49.831299600000001,603,38.5811005,38.5681992,40.0000000,0.0000000,0.7500000,5.0000000,49.8312988,1.0000000,175.5980072,1.3884799,350.9530029,42.2681007,42.2692986,133.9429932,34.2621994,662835.0000000,206.1150055,35.0821991,72.0000000,2537.6899414,3484.8999023,3505.0000000,51.0000000,162.0000000,203.3190002,142.8119965,1.4547600,73728.7031250,1113.8499756,233.6369934,335.0769958,1.3390900,191.4360046,45.7251015,1765470.0000000,271.8330078,39.2701988,233.0000000,14570.9003906,10497.5000000,6438.0000000,146.0000000,463.0000000,252.9490051,147.4770050,1.9307100,1082290.0000000,3942.4199219,815.8150024,303.9349976,1.1428000,487.3160095,93.5785980,2840820.0000000,121.4010010,23.9813995,682.0000000,36454.3007812,25506.5996094,33070.0000000,414.0000000,1328.0000000,1030.5899658,628.2880249,1.6971999,2365170.0000000,6181.6601562,1634.0699463,310.4790039,1.2856899,666.3660278,288.5679932,8376350.0000000,43.9771996,20.9601002,1362.0000000,61087.8007812,50193.8984375,170716.0000000,826.0000000,2642.0000000,1272.3199463,762.2199707,1.6797000,3690390.0000000,7065.8701172,1689.5799561,319.6159973,1.0765899,791.5189819,512.3709717,16401700.0000000,42.6921997,35.4856987,2149.0000000,88106.3984375,86174.1015625,371101.0000000,1215.0000000,3879.0000000,1431.7299805,817.6879883,1.7427700,4411770.0000000,7624.0498047,1733.4799805,354.2470093,1.0484500,967.4479980,710.6569824,26095600.0000000,42.5461998,40.0000000,2731.0000000,108522.0000000,109027.0000000,613346.0000000,1463.0000000,4716.0000000,1789.8699951,903.1469727,1.9668800,5539380.0000000,8738.8603516,1747.4599609,347.5840149,1.0970800,0,0.0000000,0.0000000,0.0000000,603,0.000000000000000,0,none,0.0000000,0.0000000,0.0000000,0.0000000,0.2500000,0.5000000,0.0000000
6,33.958149348100001,607,38.5980988,38.5980988,40.0000000,0.0000000,0.7500000,4.0000000,33.9580994,1.0000000,0.0000000,1.0000000,302.6820068,6.3671498,6.3671498,112.3580017,110.6439972,2330750.0000000,564.7969971,55.3628006,70.0000000,2371.6201172,3227.5700684,5572.0000000,47.0000000,149.0000000,101.7819977,77.6225967,1.3017100,68030.2031250,1046.6400146,300.2650146,163.0549927,1.2813900,129.8780060,114.2990036,4385240.0000000,683.1380005,39.2202988,231.0000000,14624.9003906,10422.2001953,6436.0000000,145.0000000,460.0000000,127.1719971,87.4580002,1.3820900,1117910.0000000,4122.2998047,892.4500122,296.5899963,1.2096500,477.6549988,164.2279968,9056590.0000000,356.4159851,23.9130001,680.0000000,35352.8007812,24532.6992188,34194.0000000,418.0000000,1342.0000000,993.8679810,570.7789917,1.6840000,2340270.0000000,6172.3901367,1579.2299805,307.4410095,1.2954800,662.9390259,359.7080078,36654100.0000000,180.8260040,21.0158005,1363.0000000,60926.8984375,50879.6015625,172095.0000000,825.0000000,2638.0000000,1242.5899658,693.8800049,1.7786200,3687600.0000000,7064.6699219,1621.6300049,317.0159912,1.0770400,789.3239746,584.3690186,76885800.0000000,198.6239929,36.0251999,2151.0000000,88117.0000000,86174.1015625,373104.0000000,1217.0000000,3885.0000000,1405.2199707,757.8709717,1.8346500,4411770.0000000,7624.0498047,1651.3399658,327.5660095,1.0484500,964.5260010,781.0289917,126043000.0000000,205.5010071,40.0000000,2731.0000000,108522.0000000,109027.0000000,613346.0000000,1463.0000000,4716.0000000,1761.9599609,857.4320068,2.0201001,5539380.0000000,8738.8603516,1651.8199463,346.4639893,1.0970800,0,0.0000000,0.0000000,0.0000000,607,0.000000000000000,0,none,0.0000000,0.0000000,0.0000000,0.0000000,0.2500000,0.5000000,0.0000000
7,51.432488201799998,630,38.5824013,28.0407009,235.0000000,0.0000000,1.2500000,5.0000000,54.2756996,1.0000000,170.2310028,1.0342700,291.6919861,70.1592026,71.8062973,114.4309998,68.8592987,4440870.0000000,1015.9199829,336.8250122,61.0000000,2122.2299805,2953.6799316,5524.0000000,39.0000000,124.0000000,86.7136002,58.5075989,1.5171300,63267.5000000,1000.5499878,322.5920105,157.3410034,1.2591701,131.2630005,72.7694016,11364600.0000000,1752.4000244,229.2169952,212.0000000,12734.5000000,9274.0996094,6416.0000000,138.0000000,438.0000000,112.1409988,64.9276962,1.6803600,1008940.0000000,3857.2199707,781.3159790,90.4313965,1.1734800,461.1619873,112.0619965,20767700.0000000,1306.6400146,135.8059998,649.0000000,33830.8007812,22901.9003906,28261.0000000,407.0000000,1306.0000000,949.3750000,487.3800049,1.8982199,2295830.0000000,6165.6201172,1512.4899902,308.0079956,1.3176600,668.0599976,307.3859863,265367008.0000000,2244.4199219,119.8069992,1330.0000000,60248.3007812,49186.3984375,166296.0000000,807.0000000,2579.0000000,1252.5600586,634.9340210,1.9664500,3687600.0000000,7064.6699219,1558.4499512,317.9679871,1.0770400,797.0729980,533.0700073,925052992.0000000,3014.4199219,206.8099976,2136.0000000,87970.1015625,86056.1015625,369373.0000000,1213.0000000,3873.0000000,1417.8100586,698.4140015,2.0164199,4411770.0000000,7624.0498047,1600.0500488,355.6099854,1.0484500,974.4290161,731.8209839,2436859904.0000000,3973.0500488,235.0000000,2731.0000000,108522.0000000,109027.0000000,613346.0000000,1463.0000000,4716.0000000,1776.3800049,800.8959961,2.1896701,5539380.0000000,8738.8603516,1619.8100586,197.6860046,1.0970800,0,0.0000000,0.0000000,0.0000000,630,0.000000000000000,0,none,0.0000000,0.0000000,0.0000000,0.0000000,0.2500000,1.0000000,0.0000000
8,6.641165802360000,2527,38.5537987,38.5537987,235.0000000,0.0000000,1.0000000,4.0000000,6.6411700,1.0000000,0.0000000,1.0000000,215.9880066,1.6602900,1.6602900,53.8470001,471.0690002,1509480.0000000,802.9169922,235.0000000,7.0000000,122.9029999,224.6759949,1880.0000000,4.0000000,12.0000000,19.1648006,15.6887999,1.2112900,456.1929932,107.4830017,59.5330009,301.3569946,2.0152299,139.5579987,474.0910034,3718480.0000000,1343.0899658,244.7920074,8.0000000,167.7510071,408.5230103,2820.0000000,4.0000000,12.0000000,21.3579998,15.5763998,1.3665200,456.1929932,107.4830017,59.5330009,301.3569946,2.0152299,139.5579987,474.0910034,3939380.0000000,1396.9399414,235.0000000,8.0000000,167.7510071,408.5230103,2820.0000000,4.0000000,12.0000000,21.3579998,15.5763998,1.3665200,456.1929932,107.4830017,59.5330009,301.3569946,2.0152299,139.5579987,474.0910034,3939380.0000000,1396.9399414,235.0000000,8.0000000,167.7510071,408.5230103,2820.0000000,4.0000000,12.0000000,21.3579998,15.5763998,1.3665200,456.1929932,107.4830017,59.5330009,301.3569946,2.0152299,139.5579987,474.0910034,3939380.0000000,1396.9399414,235.0000000,8.0000000,167.7510071,408.5230103,2820.0000000,4.0000000,12.0000000,21.3579998,15.5763998,1.3665200,456.1929932,107.4830017,59.5330009,301.3569946,2.0152299,139.5579987,474.0910034,3939380.0000000,1396.9399414,235.0000000,8.0000000,167.7510071,408.5230103,2820.0000000,4.0000000,12.0000000,21.3579998,15.5763998,1.3665200,456.1929932,107.4830017,59.5330009,301.3569946,2.0152299,0,0.0000000,0.0000000,0.0000000,2527,0.000000000000000,0,none,0.0000000,0.0000000,0.0000000,0.0000000,0.5000000,0.5000000,0.0000000
9,15.066347064700000,2528,38.5824013,38.5774994,235.0000000,0.0000000,1.2500000,2.0000000,15.0663004,1.0000000,0.0000000,1.0000000,16.2966995,4.7082300,4.7090001,127.7429962,182.1569977,900363.0000000,223.5119934,230.4880066,47.0000000,1399.7700195,2035.4399414,3988.0000000,33.0000000,105.0000000,79.9069977,55.2471008,1.4916101,31512.1992188,711.3239746,221.9649963,181.3000031,1.2777500,169.4010010,192.3580017,1464010.0000000,225.9010010,228.3309937,183.0000000,9771.9501953,8267.6796875,6387.0000000,120.0000000,379.0000000,110.2949982,64.4420013,1.6839200,672141.0000000,3322.7700195,753.7930298,90.2895966,1.3071600,445.4079895,217.5410004,4820160.0000000,180.1170044,128.7960052,573.0000000,30859.0000000,20562.5996094,20669.0000000,365.0000000,1169.0000000,835.1510010,449.8129883,1.8125800,2142920.0000000,6063.6298828,1535.5500488,307.4360046,1.3653600,681.7620239,395.2760010,34715300.0000000,171.1580048,107.8140030,1229.0000000,57595.1015625,45915.8007812,148006.0000000,736.0000000,2358.0000000,1218.0000000,643.7459717,1.8869400,3681390.0000000,7061.9399414,1578.5500488,317.2749939,1.0780200,814.1389771,616.9949951,81938600.0000000,214.4570007,194.1250000,2070.0000000,86554.7968750,82050.7031250,349383.0000000,1192.0000000,3805.0000000,1392.8299561,714.7189941,1.9338500,4411770.0000000,7624.0498047,1610.3399658,328.0969849,1.0484500,1002.2000122,831.0469971,144099008.0000000,234.9400024,235.0000000,2731.0000000,108522.0000000,109027.0000000,613346.0000000,1463.0000000,4716.0000000,1756.9899902,820.5319824,2.1094999,5539380.0000000,8738.8603516,1626.4300537,198.6340027,1.0970800,0,0.0000000,0.0000000,0.0000000,2528,0.000000000000000,0,none,0.0000000,0.0000000,0.0000000,0.0000000,0.2500000,1.0000000,0.0000000
10,7.444754709610000,2529,38.5708008,38.5811005,40.0000000,0.0000000,1.0000000,2.0000000,7.4447598,1.0000000,0.0000000,1.0000000,209.1979980,1.8624800,1.8611900,134.4109955,91.7286987,111053.0000000,32.9571991,26.6755009,32.0000000,1368.5999756,1237.7299805,2803.0000000,22.0000000,69.0000000,158.3540039,132.1399994,1.2791100,46865.3984375,934.4589844,222.8249969,142.0099945,1.4827200,215.2980042,105.0350037,255293.0000000,39.2963982,38.9257011,206.0000000,12364.7998047,8617.9697266,6410.0000000,133.0000000,423.0000000,221.2350006,140.0429993,1.6586500,1008940.0000000,3857.2199707,802.3250122,80.9614029,1.1734800,479.8789978,144.3710022,1111110.0000000,31.5056000,23.0865993,646.0000000,33545.1992188,22780.5996094,28258.0000000,405.0000000,1300.0000000,938.4169922,565.6900024,1.6688300,2295830.0000000,6165.6201172,1582.1800537,311.7709961,1.3176600,670.8010254,339.8489990,6648310.0000000,30.1898994,20.3925991,1330.0000000,60248.3007812,49186.3984375,166296.0000000,807.0000000,2579.0000000,1212.0600586,722.4769897,1.6810300,3687600.0000000,7064.6699219,1644.1899414,321.1340027,1.0770400,798.0850220,565.7969971,14756900.0000000,37.5979996,35.2018013,2139.0000000,88002.6015625,86140.0000000,369503.0000000,1213.0000000,3873.0000000,1373.9300537,776.5620117,1.7577800,4411770.0000000,7624.0498047,1721.5100098,356.3099976,1.0484500,974.7830200,764.5059814,24532800.0000000,39.9982986,40.0000000,2731.0000000,108522.0000000,109027.0000000,613346.0000000,1463.0000000,4716.0000000,1731.4599609,859.1170044,2.0036500,5539380.0000000,8738.8603516,1728.3199463,349.5750122,1.0970800,0,0.0000000,0.0000000,0.0000000,2529,0.000000000000000,0,none,0.0000000,0.0000000,0.0000000,0.0000000,0.5000000,0.5000000,0.0000000
11,13.647814823299999,2530,38.5787010,38.5537987,40.0000000,0.0000000,1.0000000,2.0000000,13.6478004,1.0000000,0.0000000,1.0000000,291.9450073,3.4119599,3.4150701,132.5809937,65.4493027,139713.0000000,36.4090996,33.4048004,47.0000000,1789.7099609,1786.7299805,3637.0000000,34.0000000,107.0000000,108.3529968,79.7947998,1.3484499,60980.3984375,1032.9000244,307.8190002,153.4909973,1.3922400,193.5639954,76.4052963,260153.0000000,39.4025993,39.1316986,249.0000000,15142.2001953,10232.2001953,6532.0000000,160.0000000,508.0000000,168.5789948,94.6386032,1.7594800,1173250.0000000,4164.9702148,866.5269775,299.4419861,1.1765800,491.8099976,140.9620056,1666190.0000000,32.5463982,25.1441002,735.0000000,39245.1992188,27044.0996094,41683.0000000,451.0000000,1450.0000000,985.4660034,585.9459839,1.6958400,2491360.0000000,6262.3999023,1561.5300293,309.1799927,1.2526700,657.0880127,353.7820129,7626910.0000000,31.6308002,23.2728004,1462.0000000,63640.3984375,54449.6992188,190541.0000000,883.0000000,2821.0000000,1192.6800537,693.6879883,1.7214800,3773860.0000000,7137.1699219,1622.0100098,330.6159973,1.0741301,775.8959961,575.9260254,15510100.0000000,38.7410011,37.4874992,2191.0000000,89433.6015625,87376.7968750,387780.0000000,1230.0000000,3925.0000000,1348.2500000,748.1339722,1.7876300,4427080.0000000,7630.5600586,1667.0300293,349.0820007,1.0466100,942.3189697,761.5139771,24532800.0000000,39.9982986,40.0000000,2731.0000000,108522.0000000,109027.0000000,613346.0000000,1463.0000000,4716.0000000,1697.0799561,841.3090210,1.9894500,5539380.0000000,8738.8603516,1668.0300293,348.1270142,1.0970800,0,0.0000000,0.0000000,0.0000000,2530,0.000000000000000,0,no_53,0.0000000,0.0000000,0.0000000,0.0000000,0.5000000,0.5000000,0.0000000
12,9.296852522500000,2531,38.5708008,38.5537987,40.0000000,0.0000000,1.0000000,2.0000000,9.2968702,1.0000000,0.0000000,1.0000000,293.3959961,2.3242199,2.3263400,151.1869965,64.5995026,72933.2968750,28.4547005,18.0625992,16.0000000,511.8259888,366.8789978,1850.0000000,12.0000000,38.0000000,132.8090057,111.1800003,1.3303500,15924.4003906,516.9910278,182.3049927,22.6711998,1.3356500,255.7960052,80.2489014,253333.0000000,39.1722984,38.6800003,156.0000000,8086.9902344,6450.4501953,6360.0000000,108.0000000,343.0000000,217.9830017,134.7010040,1.7003300,638393.0000000,3270.8601074,803.9600220,81.3479004,1.3336000,451.2439880,97.9709015,640573.0000000,30.5298996,21.1889992,540.0000000,28190.5000000,18859.3007812,16496.0000000,341.0000000,1091.0000000,763.1450195,457.0899963,1.6932800,1819240.0000000,5394.6899414,1203.1300049,307.7929993,1.2730100,691.2449951,266.9070129,5523250.0000000,28.5671005,17.1495991,1178.0000000,55364.8007812,43195.6015625,138109.0000000,718.0000000,2299.0000000,1191.9100342,704.5819702,1.6971999,3504600.0000000,7013.3701172,1624.9799805,331.7309875,1.1168801,823.0560303,484.9989929,13422800.0000000,35.7220993,31.4505997,2036.0000000,83899.7968750,79031.8984375,336847.0000000,1172.0000000,3744.0000000,1353.9799805,766.1829834,1.7580500,4294490.0000000,7494.4702148,1716.2700195,356.3810120,1.0407799,1017.1099854,709.0490112,24532800.0000000,39.9982986,40.0000000,2731.0000000,108522.0000000,109027.0000000,613346.0000000,1463.0000000,4716.0000000,1732.3800049,854.6560059,2.0151501,5539380.0000000,8738.8603516,1722.8699951,349.6239929,1.0970800,0,0.0000000,0.0000000,0.0000000,2531,0.000000000000000,0,none,0.0000000,0.0000000,0.0000000,0.0000000,0.5000000,0.5000000,0.0000000
13,55.864407496900000,2532,38.5708008,38.5708008,40.0000000,0.0000000,1.0000000,5.0000000,55.8643990,1.0000000,72.2061005,1.0607899,213.5850067,32.0176010,32.0176010,131.1900024,33.8895988,472133.0000000,150.4380035,28.5965004,38.0000000,1486.6500244,1334.4699707,3004.0000000,27.0000000,85.0000000,132.5639954,106.1050034,1.2730600,50639.6015625,984.2689819,265.5559998,146.3710022,1.5224000,207.5740051,46.6202011,1258050.0000000,193.9320068,38.9943008,217.0000000,13338.7998047,9372.7099609,6421.0000000,140.0000000,445.0000000,191.5279999,115.8880005,1.6897800,1075250.0000000,3940.5700684,810.3920288,84.1256027,1.1492100,490.4230042,94.9564972,4818630.0000000,155.3159943,23.8726997,673.0000000,34704.3984375,24017.8007812,33282.0000000,413.0000000,1325.0000000,948.1329956,577.4429932,1.6559700,2340270.0000000,6172.3901367,1575.2500000,310.6499939,1.2954800,666.3750000,290.6130066,31172700.0000000,147.8789978,20.9361992,1358.0000000,60825.8007812,50267.0000000,171284.0000000,822.0000000,2628.0000000,1183.2700195,709.4669800,1.6707900,3687600.0000000,7064.6699219,1632.3100586,320.1069946,1.0770400,791.3309937,515.0889893,71255504.0000000,184.5469971,35.9038010,2150.0000000,88103.8984375,86174.1015625,372202.0000000,1216.0000000,3882.0000000,1341.6500244,764.5410156,1.7416600,4411770.0000000,7624.0498047,1694.8399658,355.7390137,1.0484500,966.5170288,712.4580078,122649000.0000000,199.9669952,40.0000000,2731.0000000,108522.0000000,109027.0000000,613346.0000000,1463.0000000,4716.0000000,1699.8100586,852.8330078,1.9728000,5539380.0000000,8738.8603516,1703.8499756,348.9049988,1.0970800,0,0.0000000,0.0000000,0.0000000,2532,0.000000000000000,0,no_53,0.0000000,0.0000000,0.0000000,0.0000000,0.5000000,0.5000000,0.0000000
14,3.535643161330000,2533,38.5811005,38.5811005,40.0000000,0.0000000,0.7500000,3.0000000,3.5356400,1.0000000,0.0000000,1.0000000,303.5419922,0.6629330,0.6629330,154.8939972,191.3159943,58213.3007812,26.6723995,14.7841997,38.0000000,1458.9200439,2495.0300293,1482.0000000,28.0000000,88.0000000,187.9819946,135.1089935,1.3678700,57708.0000000,1011.9899902,251.7870026,334.0969849,1.4122200,253.4190063,209.3959961,255333.0000000,39.3925018,39.1176987,206.0000000,12739.7001953,9807.8095703,6411.0000000,129.0000000,406.0000000,273.3210144,161.7720032,1.8177400,1005980.0000000,3888.9599609,810.6149902,305.3169861,1.1963700,476.7709961,238.9989929,919913.0000000,31.2196007,22.5317993,601.0000000,32103.5000000,21218.0000000,23025.0000000,385.0000000,1233.0000000,916.7780151,577.0150146,1.6488800,2291720.0000000,6161.6201172,1652.5200195,310.6090088,1.3183100,681.2689819,426.8550110,6256870.0000000,29.6345005,19.2824993,1280.0000000,58988.6015625,46958.6015625,156902.0000000,766.0000000,2449.0000000,1241.9799805,774.5540161,1.6125000,3681390.0000000,7061.9399414,1708.3900146,319.6419983,1.0780200,809.5819702,649.7009888,14353500.0000000,37.1035995,34.2131996,2099.0000000,87267.0000000,84037.8984375,358865.0000000,1207.0000000,3854.0000000,1404.1800537,832.4089966,1.6772500,4411770.0000000,7624.0498047,1750.2700195,329.5759888,1.0484500,991.8519897,856.2399902,24532800.0000000,39.9982986,40.0000000,2731.0000000,108522.0000000,109027.0000000,613346.0000000,1463.0000000,4716.0000000,1767.1999512,919.1569824,1.9068900,5539380.0000000,8738.8603516,1764.4699707,347.3200073,1.0970800,0,0.0000000,0.0000000,0.0000000,2533,0.000000000000000,0,none,0.0000000,0.0000000,0.0000000,0.0000000,0.2500000,0.5000000,0.0000000
15,20.399656004800001,2534,38.5811005,38.5811005,40.0000000,0.0000000,0.7500000,2.0000000,20.3997002,1.0000000,85.6524963,1.1490700,226.9589996,19.8848000,19.8848000,147.8179932,31.4286003,108653.0000000,32.5205002,25.8187008,51.0000000,1734.4599609,2620.1799316,2743.0000000,37.0000000,117.0000000,257.4070129,185.6490021,1.3769701,61112.8007812,976.5900269,267.0220032,344.7049866,1.2418900,220.7819977,45.0214005,255193.0000000,39.3643990,39.0617981,203.0000000,12414.9003906,9352.1396484,6407.0000000,128.0000000,403.0000000,312.5020142,191.8739929,1.7149700,939438.0000000,3674.5300293,764.8079834,75.8850021,1.1437401,462.7460022,72.0113983,863073.0000000,31.0678005,22.2343998,600.0000000,32574.8007812,21595.8007812,21604.0000000,383.0000000,1225.0000000,892.1370239,588.1450195,1.5693901,2228580.0000000,6157.9599609,1660.1999512,312.1610107,1.3540500,682.6370239,257.5199890,6145350.0000000,29.4845009,18.9827995,1262.0000000,58588.1992188,46783.6015625,154175.0000000,756.0000000,2418.0000000,1213.3499756,791.1589966,1.5419900,3681390.0000000,7061.9399414,1722.9699707,321.0809937,1.0780200,810.9470215,477.0100098,14123100.0000000,36.7719002,33.5498009,2084.0000000,87094.7968750,82996.0000000,353324.0000000,1204.0000000,3845.0000000,1378.4899902,846.9470215,1.6184700,4411770.0000000,7624.0498047,1785.6199951,354.8120117,1.0484500,996.4609985,688.2269897,24532800.0000000,39.9982986,40.0000000,2731.0000000,108522.0000000,109027.0000000,613346.0000000,1463.0000000,4716.0000000,1741.0400391,926.3579712,1.8717500,5539380.0000000,8738.8603516,1797.2800293,348.3340149,1.0970800,0,0.0000000,0.0000000,0.0000000,2534,0.000000000000000,0,none,0.0000000,0.0000000,0.0000000,0.0000000,0.2500000,0.5000000,0.0000000
16,4.661393415040000,2538,38.5887985,38.5886002,1.0000000,0.0000000,0.7500000,4.0000000,4.6613898,1.0000000,0.0000000,1.0000000,287.6119995,0.8740110,0.8740300,138.0599976,28.3195000,5478.3300781,1.9911700,0.7347210,38.0000000,1091.8699951,1688.9000244,3119.0000000,25.0000000,80.0000000,77.0437012,51.4342995,1.7401201,29174.8007812,674.2089844,198.1869965,208.0780029,1.2398500,202.7180023,40.8008995,27127.3007812,5.2831998,0.9716490,153.0000000,7740.5898438,7637.1201172,6358.0000000,95.0000000,299.0000000,141.0760040,79.0170975,1.8842601,490725.0000000,2838.9399414,718.4630127,92.2098999,1.3069600,280.2489929,43.9290009,52781.8007812,5.1685500,0.4991180,409.0000000,22878.5000000,14973.7998047,8109.0000000,270.0000000,863.0000000,318.0090027,171.1589966,1.8939800,1488200.0000000,4832.0898438,1055.7399902,297.3840027,1.2485300,692.9320068,160.1909943,137288.0000000,1.1922600,0.2896860,991.0000000,49167.5000000,36797.8007812,92803.0000000,609.0000000,1962.0000000,1203.2800293,626.3640137,1.9240900,2976540.0000000,6498.1201172,1552.6999512,306.9559937,1.1289001,834.9739990,361.7829895,320547.0000000,0.9846920,0.6341900,1831.0000000,76460.5000000,69849.6015625,274836.0000000,1088.0000000,3479.0000000,1371.7299805,702.2130127,1.9470400,4014070.0000000,7310.6000977,1609.6400146,326.5629883,1.0595300,1064.5799561,637.8430176,658959.0000000,1.0743700,1.0000000,2731.0000000,108522.0000000,109027.0000000,613346.0000000,1463.0000000,4716.0000000,1791.3599854,834.6290283,2.1150501,5539380.0000000,8738.8603516,1660.7099609,199.5449982,1.0970800,0,0.0000000,0.0000000,0.0000000,2538,0.000000000000000,0,none,0.0000000,0.0000000,0.0000000,0.0000000,0.2500000,0.5000000,0.0000000
17,7.941567826310000,2539,38.5894012,38.5894012,235.0000000,0.0000000,0.5000000,2.0000000,7.9415698,1.0000000,0.0000000,1.0000000,281.4939880,0.9926960,0.9926960,114.9390030,741.8629761,799313.0000000,210.8040009,207.3020020,46.0000000,1661.0899658,1696.6500244,3558.0000000,33.0000000,105.0000000,78.2897034,56.8837013,1.4773901,54289.6015625,994.9180298,356.9710083,162.9940033,1.4509400,179.5469971,753.0609741,1471530.0000000,226.3339996,229.1369934,216.0000000,13106.2001953,9246.0195312,6420.0000000,139.0000000,442.0000000,140.8609924,73.4401016,1.9422100,1075250.0000000,3940.5700684,765.4130249,92.8302994,1.1492100,485.2860107,800.9169922,7492700.0000000,185.6690063,138.5659943,671.0000000,34409.0000000,23802.5996094,33059.0000000,412.0000000,1322.0000000,1001.6199951,525.5850220,1.9188499,2340270.0000000,6172.3901367,1532.9599609,306.2090149,1.2954800,666.1110229,995.8699951,40079700.0000000,178.6929932,122.8160019,1355.0000000,60795.6015625,50157.8007812,170709.0000000,821.0000000,2625.0000000,1259.0600586,646.4390259,1.9510200,3687600.0000000,7064.6699219,1570.3699951,316.1130066,1.0770400,791.4929810,1219.6400146,87128304.0000000,221.5599976,208.3179932,2148.0000000,88098.2031250,86174.1015625,371100.0000000,1215.0000000,3879.0000000,1420.5300293,711.8729858,1.9859800,4411770.0000000,7624.0498047,1596.2900391,327.0320129,1.0484500,967.4970093,1417.9000244,144099008.0000000,234.9400024,235.0000000,2731.0000000,108522.0000000,109027.0000000,613346.0000000,1463.0000000,4716.0000000,1779.3399658,819.8280029,2.1399000,5539380.0000000,8738.8603516,1658.4499512,198.9029999,1.0970800,0,0.0000000,0.0000000,0.0000000,2539,0.000000000000000,0,none,0.0000000,0.0000000,0.0000000,0.0000000,0.0000000,0.5000000,0.0000000
18,35.284338292400001,3107,38.5811005,38.5811005,40.0000000,0.0000000,0.7500000,5.0000000,35.2843018,1.0000000,0.0000000,1.0000000,33.0766983,6.6158099,6.6158099,141.6820068,45.3862991,332875.0000000,100.3860016,27.4839993,71.0000000,2545.4399414,3350.4399414,2802.0000000,54.0000000,173.0000000,229.7949982,162.0330048,1.4270400,73422.5000000,1087.5999756,262.6659851,337.2340088,1.2820300,214.8139954,59.6183014,893655.0000000,131.8229980,39.2183990,254.0000000,15365.2001953,10605.7001953,6537.0000000,163.0000000,517.0000000,297.6690063,181.6100006,1.7509600,1173250.0000000,4164.9702148,952.1810303,303.8810120,1.1765800,495.9200134,124.0500031,5736960.0000000,136.0820007,25.2070007,735.0000000,40222.6015625,27690.0996094,41683.0000000,451.0000000,1450.0000000,1047.8100586,684.3590088,1.5640100,2615980.0000000,6314.3999023,1656.6800537,311.2070007,1.2128800,658.4650269,336.0920105,33385600.0000000,148.5370026,23.0888004,1461.0000000,64418.1015625,54405.3984375,190157.0000000,879.0000000,2808.0000000,1244.6600342,793.7750244,1.5736600,3777060.0000000,7137.5097656,1731.1300049,331.2820129,1.0733200,777.2109985,558.4689941,73543696.0000000,187.3780060,37.4874001,2190.0000000,89394.0000000,87360.3984375,387779.0000000,1230.0000000,3925.0000000,1399.7700195,842.8909912,1.6505899,4427080.0000000,7630.5600586,1776.8499756,348.5830078,1.0466100,943.5130005,743.9069824,122311000.0000000,199.4160004,40.0000000,2731.0000000,108522.0000000,109027.0000000,613346.0000000,1463.0000000,4716.0000000,1748.1300049,922.8790283,1.8808700,5539380.0000000,8738.8603516,1778.0899658,347.6879883,1.0970800,0,0.0000000,0.0000000,0.0000000,3107,0.000000000000000,0,none,0.0000000,0.0000000,0.0000000,0.0000000,0.2500000,0.5000000,0.0000000
19,18.707325761700002,3108,38.5708008,38.5787010,40.0000000,0.0000000,1.0000000,5.0000000,18.7073002,1.0000000,0.0000000,1.0000000,18.0764008,4.6778202,4.6768298,106.4690018,91.8398972,2552660.0000000,766.5709839,57.5124016,82.0000000,3187.3100586,3497.7600098,4608.0000000,57.0000000,180.0000000,132.1809998,91.0460968,1.4066000,103386.0000000,1431.2500000,302.8970032,161.7740021,1.5767400,166.5359955,101.2789993,7871780.0000000,1066.9899902,39.9304008,330.0000000,18964.5996094,12346.4003906,7108.0000000,222.0000000,705.0000000,222.5740051,137.4889984,1.6204600,1259300.0000000,4305.7299805,934.6840210,300.2470093,1.1715300,494.4270020,211.6040039,135056992.0000000,2870.8400879,29.0198002,881.0000000,45462.1992188,32544.1992188,65562.0000000,547.0000000,1762.0000000,1050.5500488,635.9030151,1.6521500,2912320.0000000,6447.4702148,1571.4300537,309.4249878,1.1358800,643.3229980,457.5299988,1106909952.0000000,6200.8500977,29.1191998,1681.0000000,71394.0000000,63999.8984375,236459.0000000,1012.0000000,3237.0000000,1217.8900146,722.2529907,1.6812299,3887310.0000000,7188.8598633,1662.7099609,329.4309998,1.0579400,739.4580078,650.9019775,2915760128.0000000,8328.1503906,39.6458015,2235.0000000,90510.1015625,89593.7968750,404939.0000000,1245.0000000,3974.0000000,1349.6700439,764.1979980,1.7492000,4428860.0000000,7631.3100586,1679.9300537,348.0929871,1.0464000,895.2210083,826.5460205,6133389824.0000000,9999.8896484,40.0000000,2731.0000000,108522.0000000,109027.0000000,613346.0000000,1463.0000000,4716.0000000,1681.0699463,849.6110229,1.9501600,5539380.0000000,8738.8603516,1679.9300537,348.0929871,1.0970800,0,0.0000000,0.0000000,0.0000000,3108,0.000000000000000,0,no_53,0.0000000,0.0000000,0.0000000,0.0000000,0.0000000,1.0000000,0.0000000
20,45.633793952100000,3109,38.5787010,38.5980988,40.0000000,0.0000000,1.0000000,5.0000000,45.6338005,1.0000000,0.0000000,1.0000000,18.0762997,11.4109001,11.4083996,101.0800018,88.3281021,3000000.0000000,858.3339844,56.4884987,78.0000000,3069.8798828,3427.7900391,4604.0000000,54.0000000,171.0000000,110.5410004,73.5507965,1.4064600,90843.3984375,1380.4799805,329.1820068,165.1139984,1.6693900,155.2729950,97.5078964,8561740.0000000,1178.8599854,39.8181992,314.0000000,18119.5000000,12121.9003906,6914.0000000,210.0000000,666.0000000,185.4129944,109.2089996,1.6074800,1221870.0000000,4210.5000000,873.5380249,297.1270142,1.1546000,488.9339905,195.1920013,128553000.0000000,2830.5300293,27.8826008,852.0000000,44897.1992188,31772.0000000,58639.0000000,524.0000000,1685.0000000,1056.6600342,611.6680298,1.7174400,2905670.0000000,6444.1098633,1560.0100098,308.3240051,1.1372900,642.4650269,434.1709900,1075049984.0000000,6084.1401367,27.3127995,1637.0000000,69924.6015625,61196.8984375,223949.0000000,989.0000000,3162.0000000,1245.0400391,704.0100098,1.7611001,3881850.0000000,7188.0400391,1641.6400146,328.5870056,1.0591800,745.6729736,638.8449707,2854240000.0000000,8176.6801758,39.1921005,2227.0000000,90343.6015625,88945.6015625,402434.0000000,1242.0000000,3965.0000000,1379.1899414,749.4539795,1.8224400,4428860.0000000,7631.3100586,1652.1500244,347.5360107,1.0464000,903.1199951,815.7869873,6037029888.0000000,9842.7802734,40.0000000,2731.0000000,108522.0000000,109027.0000000,613346.0000000,1463.0000000,4716.0000000,1712.6600342,840.4149780,2.0057199,5539380.0000000,8738.8603516,1652.1500244,347.5360107,1.0970800,0,0.0000000,0.0000000,0.0000000,3109,0.000000000000000,0,no_53,0.0000000,0.0000000,0.0000000,0.0000000,0.0000000,1.0000000,0.0000000
21,14.671628328000001,3110,38.5980988,38.5824013,235.0000000,0.0000000,1.2500000,5.0000000,14.6716003,1.0000000,0.0000000,1.0000000,290.0469971,4.5848899,4.5873399,114.1159973,225.3959961,5443150.0000000,1253.5500488,358.7550049,69.0000000,2357.0200195,3176.2199707,5805.0000000,45.0000000,143.0000000,83.4399033,61.5606995,1.3372900,66599.7968750,1037.5500488,325.8169861,158.8690033,1.2862700,127.5500031,228.0000000,12306300.0000000,1873.4599609,229.8359985,236.0000000,14539.2001953,10086.9003906,6440.0000000,150.0000000,477.0000000,108.3069992,70.2758026,1.4355201,1123240.0000000,4123.0000000,858.2239990,296.4710083,1.2043200,478.1659851,283.3500061,40523500.0000000,1619.9799805,142.8760071,699.0000000,37187.8984375,25637.5996094,36874.0000000,432.0000000,1388.0000000,991.6649780,550.6199951,1.7463000,2467940.0000000,6252.6401367,1545.2700195,307.6149902,1.2606100,658.3189697,485.5750122,410812992.0000000,2885.2900391,128.3439941,1402.0000000,62210.6015625,52178.3007812,178746.0000000,846.0000000,2704.0000000,1225.9499512,665.3020020,1.8312800,3759100.0000000,7132.0200195,1591.2700195,329.4230042,1.0767900,784.8519897,714.3540039,1260380032.0000000,3871.4199219,215.7070007,2173.0000000,88632.5000000,86768.3984375,382962.0000000,1225.0000000,3910.0000000,1393.2700195,729.0499878,1.8912801,4411770.0000000,7624.0498047,1621.1400146,328.1359863,1.0484500,954.4630127,902.7670288,3008320000.0000000,4904.7700195,235.0000000,2731.0000000,108522.0000000,109027.0000000,613346.0000000,1463.0000000,4716.0000000,1742.1899414,828.5180054,2.0681100,5539380.0000000,8738.8603516,1628.5799561,347.3450012,1.0970800,0,0.0000000,0.0000000,0.0000000,3110,0.000000000000000,0,none,0.0000000,0.0000000,0.0000000,0.0000000,0.2500000,1.0000000,0.0000000
22,3.135691071440000,3112,38.5537987,38.5625992,235.0000000,0.0000000,1.0000000,2.0000000,3.1357000,1.0000000,0.0000000,1.0000000,200.0469971,0.7850260,0.7839260,48.4482002,948.6220093,404983.0000000,215.4170074,235.0000000,7.0000000,122.9029999,224.6759949,1880.0000000,4.0000000,12.0000000,19.3645000,15.6788998,1.1822500,456.1929932,107.4830017,59.7626991,307.4509888,2.0152299,139.0229950,951.5579834,625883.0000000,226.8399963,244.7920074,8.0000000,167.7510071,408.5230103,2820.0000000,4.0000000,12.0000000,23.1205997,15.9587002,1.4063300,456.1929932,107.4830017,59.7626991,307.4509888,2.0152299,139.0229950,951.5579834,625883.0000000,221.9440002,235.0000000,8.0000000,167.7510071,408.5230103,2820.0000000,4.0000000,12.0000000,23.1205997,15.9587002,1.4063300,456.1929932,107.4830017,59.7626991,307.4509888,2.0152299,139.0229950,951.5579834,625883.0000000,221.9440002,235.0000000,8.0000000,167.7510071,408.5230103,2820.0000000,4.0000000,12.0000000,23.1205997,15.9587002,1.4063300,456.1929932,107.4830017,59.7626991,307.4509888,2.0152299,139.0229950,951.5579834,625883.0000000,221.9440002,235.0000000,8.0000000,167.7510071,408.5230103,2820.0000000,4.0000000,12.0000000,23.1205997,15.9587002,1.4063300,456.1929932,107.4830017,59.7626991,307.4509888,2.0152299,139.0229950,951.5579834,625883.0000000,221.9440002,235.0000000,8.0000000,167.7510071,408.5230103,2820.0000000,4.0000000,12.0000000,23.1205997,15.9587002,1.4063300,456.1929932,107.4830017,59.7626991,307.4509888,2.0152299,0,0.0000000,0.0000000,0.0000000,3112,0.000000000000000,0,none,0.0000000,0.0000000,0.0000000,0.0000000,0.5000000,0.5000000,0.0000000
23,40.526806152399999,3113,38.5980988,38.5894012,235.0000000,0.0000000,1.0000000,5.0000000,40.5267982,1.0000000,0.0000000,1.0000000,14.0459995,10.1316996,10.1328001,97.5953979,148.7980042,4564990.0000000,1128.3000488,328.8519897,73.0000000,2779.9799805,3334.6599121,4599.0000000,51.0000000,162.0000000,100.4240036,63.0778008,1.5580400,75027.1015625,1178.1600342,353.8280029,161.6199951,1.4722400,150.1000061,157.7460022,8367990.0000000,1223.8900146,231.6779938,296.0000000,17467.6992188,11730.0000000,6817.0000000,192.0000000,609.0000000,168.2669983,94.7825012,1.7013600,1208730.0000000,4180.7299805,866.4019775,294.3280029,1.1507000,483.9400024,240.7420044,71440000.0000000,1599.4799805,156.9810028,810.0000000,43491.1992188,30839.8007812,50986.0000000,497.0000000,1601.0000000,1072.3800049,581.8229980,1.8302500,2740860.0000000,6363.1499023,1544.3000488,306.8439941,1.1755700,645.4990234,472.0270081,506478016.0000000,2601.8200684,151.2760010,1583.0000000,68562.0000000,59485.5000000,211085.0000000,960.0000000,3072.0000000,1271.2700195,676.9559937,1.8726100,3866850.0000000,7173.8398438,1609.6700439,325.7349854,1.0591000,754.6229858,683.9650269,1241149952.0000000,3423.4499512,226.0740051,2215.0000000,90200.3984375,88571.7968750,396699.0000000,1238.0000000,3951.0000000,1413.4699707,728.0209961,1.9257100,4428860.0000000,7631.3100586,1614.5100098,346.8030090,1.0464000,915.7440186,864.7119751,2439130112.0000000,3976.7700195,235.0000000,2731.0000000,108522.0000000,109027.0000000,613346.0000000,1463.0000000,4716.0000000,1755.1800537,828.5050049,2.0850799,5539380.0000000,8738.8603516,1638.7900391,199.1009979,1.0970800,0,0.0000000,0.0000000,0.0000000,3113,0.000000000000000,0,none,0.0000000,0.0000000,0.0000000,0.0000000,0.0000000,1.0000000,0.0000000
24,22.580624844199999,3114,38.5894012,38.5844994,235.0000000,0.0000000,1.0000000,4.0000000,22.5806007,1.0000000,0.0000000,1.0000000,14.0459003,5.6451602,5.6457701,94.0632019,200.4739990,3736850.0000000,902.7280273,256.3800049,69.0000000,2622.2700195,3328.8798828,4361.0000000,49.0000000,156.0000000,91.0136032,68.7949982,1.3670400,68866.3984375,1074.6199951,380.6900024,164.1809998,1.3344200,148.6629944,210.2949982,7004280.0000000,1045.9799805,231.0379944,278.0000000,16703.6992188,11004.0000000,6720.0000000,185.0000000,584.0000000,173.8240051,96.6325989,1.7424901,1187060.0000000,4175.3598633,861.3350220,292.2600098,1.1687100,483.5729980,286.9739990,38062500.0000000,1121.6199951,152.8399963,791.0000000,42457.6992188,29697.3007812,47770.0000000,484.0000000,1555.0000000,1087.5799561,565.2520142,1.9079500,2677030.0000000,6310.6000977,1532.3499756,305.7560120,1.1838000,645.2080078,507.7609863,334676992.0000000,1907.7700195,142.6399994,1541.0000000,66783.2031250,58064.6015625,200461.0000000,937.0000000,2996.0000000,1288.9499512,656.1339722,1.9610400,3830930.0000000,7160.0097656,1588.8699951,324.8850098,1.0649101,758.7150269,725.0599976,886777984.0000000,2536.4099121,222.5460052,2204.0000000,89954.8984375,87785.5000000,390720.0000000,1236.0000000,3944.0000000,1439.4799805,713.7119751,2.0035999,4428860.0000000,7631.3100586,1591.4100342,326.6319885,1.0464000,923.5700073,910.5679932,1867430016.0000000,3044.6499023,235.0000000,2731.0000000,108522.0000000,109027.0000000,613346.0000000,1463.0000000,4716.0000000,1786.5600586,820.0170288,2.1460600,5539380.0000000,8738.8603516,1670.2099609,199.0050049,1.0970800,0,0.0000000,0.0000000,0.0000000,3114,0.000000000000000,0,none,0.0000000,0.0000000,0.0000000,0.0000000,0.0000000,1.0000000,0.0000000
25,13.932585626300000,3115,38.5844994,38.5844994,40.0000000,0.0000000,0.5000000,4.0000000,13.9326000,1.0000000,0.0000000,1.0000000,296.5230103,1.7415700,1.7415700,108.1679993,144.7530060,2517440.0000000,643.2119751,47.3841019,63.0000000,2198.0100098,3096.3100586,4590.0000000,44.0000000,139.0000000,109.4309998,73.4712982,1.5035100,64579.8007812,1010.7899780,347.2369995,169.5449982,1.2589700,147.7189941,152.3240051,4674730.0000000,726.9470215,39.1439018,214.0000000,13353.5000000,9855.1699219,6419.0000000,134.0000000,424.0000000,147.1739960,87.1483994,1.6620600,1013100.0000000,3857.8500977,722.3449707,119.3769989,1.1690400,453.1449890,186.8430023,9450090.0000000,476.3330078,22.8722000,639.0000000,33800.3984375,22903.5000000,25536.0000000,403.0000000,1292.0000000,945.5729980,488.9030151,1.8803900,2287880.0000000,6142.9702148,1535.0999756,305.3219910,1.3125499,670.1779785,382.8439941,63076600.0000000,337.1090088,20.0804005,1322.0000000,60136.3984375,49058.3984375,163978.0000000,794.0000000,2537.0000000,1279.4599609,641.8449707,1.9866600,3687600.0000000,7064.6699219,1568.3900146,315.2460022,1.0770400,799.4739990,608.2030029,149430000.0000000,400.8699951,35.0531006,2128.0000000,87910.0000000,85969.3984375,367023.0000000,1211.0000000,3867.0000000,1446.6500244,712.6640015,2.0172100,4411770.0000000,7624.0498047,1589.8399658,326.2070007,1.0484500,978.0289917,808.7340088,271904992.0000000,443.3150024,40.0000000,2731.0000000,108522.0000000,109027.0000000,613346.0000000,1463.0000000,4716.0000000,1804.7099609,823.0510254,2.1599801,5539380.0000000,8738.8603516,1680.5600586,199.2079926,1.0970800,0,0.0000000,0.0000000,0.0000000,3115,0.000000000000000,0,none,0.0000000,0.0000000,0.0000000,0.0000000,0.0000000,0.5000000,0.0000000
26,8.720142422509999,3116,38.5901985,38.5886002,40.0000000,0.0000000,0.7500000,4.0000000,8.7201405,1.0000000,0.0000000,1.0000000,58.0633011,1.6350300,1.6351800,118.0950012,119.2170029,371013.0000000,95.0147018,33.2994995,47.0000000,1496.9000244,2872.3500977,3479.0000000,30.0000000,96.0000000,94.9384003,57.5898018,1.9662499,44629.3984375,832.8259888,213.2570038,184.0670013,1.2367400,177.9029999,131.0769958,712747.0000000,109.7760010,38.9978981,174.0000000,9233.5097656,8394.0996094,6379.0000000,108.0000000,341.0000000,151.1900024,78.6286011,2.0860901,646512.0000000,3226.0900879,719.0999756,91.8787994,1.2810500,332.3479919,138.5899963,885218.0000000,66.4008026,20.5349007,494.0000000,26795.0996094,17285.0000000,10610.0000000,315.0000000,1006.0000000,601.5020142,273.2839966,2.1648300,1781580.0000000,5336.3500977,1190.9799805,300.3649902,1.2719500,695.7449951,298.3779907,5509610.0000000,31.5820999,15.6191998,1115.0000000,53415.1992188,40527.8984375,126395.0000000,683.0000000,2192.0000000,1461.2900391,644.0460205,2.2675500,3186750.0000000,6676.9902344,1554.5500488,307.0950012,1.1132801,829.2459717,507.0889893,13096000.0000000,36.1320992,29.3206997,1958.0000000,81497.2968750,75565.0000000,317174.0000000,1135.0000000,3628.0000000,1630.2600098,716.3049927,2.2736599,4291740.0000000,7493.2900391,1612.6400146,326.6669922,1.0411201,1034.7700195,747.1979980,24999100.0000000,40.7585983,40.0000000,2731.0000000,108522.0000000,109027.0000000,613346.0000000,1463.0000000,4716.0000000,2024.6700439,835.9210205,2.4040000,5539380.0000000,8738.8603516,1656.5600586,199.5670013,1.0970800,0,0.0000000,0.0000000,0.0000000,3116,0.000000000000000,0,none,0.0000000,0.0000000,0.0000000,0.0000000,0.2500000,0.5000000,0.0000000
27,22.058963784600000,3117,38.5886002,38.5844994,40.0000000,0.0000000,0.7500000,4.0000000,22.0590000,1.0000000,0.0000000,1.0000000,58.0629997,4.1360602,4.1364398,117.9680023,74.7637024,383457.0000000,101.4850006,33.2994995,47.0000000,1496.9000244,2872.3500977,3479.0000000,31.0000000,99.0000000,94.2609024,65.7796021,1.5547000,44629.3984375,832.8259888,222.5090027,187.3240051,1.2367400,177.9389954,86.5941010,698997.0000000,109.4990005,38.9958000,173.0000000,9211.7099609,8392.4101562,6378.0000000,108.0000000,341.0000000,151.4709930,88.7151031,1.7424700,646512.0000000,3226.0900879,706.3850098,92.5745010,1.2810500,333.4370117,94.2925034,1209840.0000000,84.2910995,20.5564003,502.0000000,26943.6992188,17544.6992188,10697.0000000,320.0000000,1023.0000000,601.0009766,283.6210022,1.9425800,1781580.0000000,5336.3500977,1198.2099609,299.7130127,1.2719500,694.5529785,256.9179993,15300500.0000000,83.9001007,15.8866997,1122.0000000,53467.1992188,40718.1992188,128264.0000000,689.0000000,2211.0000000,1447.0799561,648.5620117,2.2166500,3186750.0000000,6676.9902344,1560.1300049,306.5669861,1.1132801,826.6890259,464.4490051,38398100.0000000,105.4270020,29.6702003,1965.0000000,81351.7031250,75611.5000000,317669.0000000,1141.0000000,3647.0000000,1615.0899658,720.2730103,2.2340300,4244100.0000000,7471.9902344,1613.0899658,326.1199951,1.0468301,1031.9200439,704.6350098,74741400.0000000,121.8580017,40.0000000,2731.0000000,108522.0000000,109027.0000000,613346.0000000,1463.0000000,4716.0000000,2009.4499512,841.6870117,2.3644500,5539380.0000000,8738.8603516,1668.6300049,199.8959961,1.0970800,0,0.0000000,0.0000000,0.0000000,3117,0.000000000000000,0,none,0.0000000,0.0000000,0.0000000,0.0000000,0.2500000,0.5000000,0.0000000
28,36.649113743199997,3118,38.5980988,38.5901985,40.0000000,0.0000000,0.5000000,4.0000000,36.6491013,1.0000000,0.0000000,1.0000000,17.6112995,4.5811400,4.5816302,116.7919998,92.4804001,1112820.0000000,262.3850098,43.4609985,52.0000000,1570.7099609,2974.7199707,4343.0000000,33.0000000,105.0000000,90.8082962,62.7466011,1.6403100,34126.6015625,744.7600098,193.4100037,181.7019958,1.2933900,158.1430054,100.9059982,1762240.0000000,271.6419983,39.0012016,181.0000000,9749.9404297,8532.4101562,6386.0000000,117.0000000,370.0000000,138.4929962,73.7421036,1.9627100,663882.0000000,3276.7099609,727.9559937,90.2970963,1.2869900,422.7609863,120.0930023,2850360.0000000,163.7460022,21.2108002,544.0000000,28266.8007812,18861.9003906,17405.0000000,346.0000000,1106.0000000,777.2550049,427.9649963,1.8719200,1819240.0000000,5394.6899414,1193.1999512,301.4089966,1.2730100,686.5540161,287.5469971,17538600.0000000,94.3365021,17.1495991,1178.0000000,55364.8007812,43195.6015625,138109.0000000,718.0000000,2299.0000000,1218.8699951,655.4920044,1.8674099,3504600.0000000,7013.3701172,1559.5300293,327.5310059,1.1168801,821.0520020,505.6719971,41564400.0000000,111.5179977,31.5557003,2036.0000000,83899.7968750,79031.8984375,336847.0000000,1172.0000000,3744.0000000,1384.0799561,726.4790039,1.8970701,4294490.0000000,7494.4702148,1624.1899414,327.3229980,1.0407799,1015.9400024,729.7470093,75841104.0000000,123.6510010,40.0000000,2731.0000000,108522.0000000,109027.0000000,613346.0000000,1463.0000000,4716.0000000,1763.4699707,838.5020142,2.0726600,5539380.0000000,8738.8603516,1634.8499756,199.4940033,1.0970800,0,0.0000000,0.0000000,0.0000000,3118,0.000000000000000,0,none,0.0000000,0.0000000,0.0000000,0.0000000,0.0000000,0.5000000,0.0000000
29,7.485220735420000,3119,38.5901985,38.5886002,40.0000000,0.0000000,0.5000000,4.0000000,7.4852200,1.0000000,0.0000000,1.0000000,17.6112003,0.9356530,0.9357530,117.6250000,207.0619965,695895.0000000,159.5140076,42.8902016,51.0000000,1563.2600098,2974.7199707,4303.0000000,32.0000000,102.0000000,95.9707031,65.1847000,1.7166500,34126.6015625,744.7600098,214.3320007,183.3459930,1.2933900,159.0959930,215.7109985,1015930.0000000,159.3679962,39.0008011,181.0000000,9749.9404297,8532.4101562,6386.0000000,116.0000000,366.0000000,141.3820038,77.6048965,1.9528300,663882.0000000,3276.7099609,721.7050171,91.9722977,1.2869900,391.5820007,230.2250061,1362610.0000000,82.9944992,21.0988998,532.0000000,27944.6992188,18557.5000000,14649.0000000,336.0000000,1074.0000000,702.8239746,375.5270081,1.9154500,1819240.0000000,5394.6899414,1188.1300049,300.3750000,1.2730100,687.0869751,398.3739929,6357350.0000000,36.3571014,16.7416000,1169.0000000,55308.8984375,43083.1015625,135511.0000000,709.0000000,2271.0000000,1238.3100586,645.6849976,1.9240800,3504600.0000000,7013.3701172,1551.7500000,307.1149902,1.1168801,822.2479858,616.2150269,14591600.0000000,39.5495987,30.9906006,2027.0000000,83390.6015625,78649.5000000,333976.0000000,1168.0000000,3732.0000000,1406.6500244,718.0780029,1.9513299,4294490.0000000,7494.4702148,1610.1800537,326.7179871,1.0407799,1018.6799927,842.6489868,26522800.0000000,43.2428017,40.0000000,2731.0000000,108522.0000000,109027.0000000,613346.0000000,1463.0000000,4716.0000000,1785.3299561,833.5180054,2.1112700,5539380.0000000,8738.8603516,1656.8900146,199.4689941,1.0970800,0,0.0000000,0.0000000,0.0000000,3119,0.000000000000000,0,none,0.0000000,0.0000000,0.0000000,0.0000000,0.0000000,0.5000000,0.0000000
30,19.067594396000001,3120,38.5886002,38.5844994,40.0000000,0.0000000,0.5000000,4.0000000,19.0676003,1.0000000,0.0000000,1.0000000,17.6114998,2.3834500,2.3837099,117.2880020,123.4440002,645203.0000000,149.1820068,41.8106003,50.0000000,1559.7299805,2974.7199707,4263.0000000,32.0000000,102.0000000,100.8270035,69.4837036,1.5922900,34126.6015625,744.7600098,227.0229950,184.1840057,1.2933900,159.2890015,132.3020020,1013870.0000000,159.1730042,38.9928017,180.0000000,9728.7802734,8531.6201172,6385.0000000,115.0000000,363.0000000,146.1219940,82.8355026,1.8275300,659675.0000000,3242.6298828,718.2449951,92.9936981,1.2683901,378.8779907,145.2649994,1316850.0000000,84.4733963,20.9605999,529.0000000,27804.4003906,18473.5996094,13741.0000000,336.0000000,1074.0000000,687.2750244,355.2179871,1.9029599,1819240.0000000,5394.6899414,1185.2700195,299.7489929,1.2730100,687.8049927,313.2309875,6134110.0000000,35.6200981,16.5800991,1162.0000000,55164.1992188,42585.3007812,134466.0000000,708.0000000,2268.0000000,1271.9100342,639.9119873,1.9863700,3504600.0000000,7013.3701172,1547.3699951,306.6520081,1.1168801,821.1259766,526.8820190,13924000.0000000,37.9505997,30.8593006,2016.0000000,83190.1015625,78114.7968750,328872.0000000,1165.0000000,3722.0000000,1440.0899658,712.6259766,2.0116799,4294490.0000000,7494.4702148,1601.8399658,326.3500061,1.0407799,1020.3300171,758.1060181,25305500.0000000,41.2580986,40.0000000,2731.0000000,108522.0000000,109027.0000000,613346.0000000,1463.0000000,4716.0000000,1821.0600586,830.7609863,2.1615500,5539380.0000000,8738.8603516,1670.1600342,199.4539948,1.0970800,0,0.0000000,0.0000000,0.0000000,3120,0.000000000000000,0,none,0.0000000,0.0000000,0.0000000,0.0000000,0.0000000,0.5000000,0.0000000
31,54.835249947199998,3121,38.5844994,38.5844994,40.0000000,0.0000000,0.7500000,4.0000000,54.8353004,1.0000000,53.9048004,1.0559300,312.2959900,20.3887997,20.3887997,107.9789963,60.9607010,1630680.0000000,438.8280029,42.4880981,68.0000000,2414.6599121,3521.6000977,4126.0000000,47.0000000,148.0000000,140.1179962,96.3167038,1.4418100,67997.7968750,1039.1099854,310.3320007,181.1719971,1.2636300,157.8110046,70.3927994,3178380.0000000,495.0929871,39.1054001,205.0000000,12298.5000000,9533.4296875,6410.0000000,130.0000000,409.0000000,193.6699982,114.6579971,1.6331400,943965.0000000,3788.7800293,771.0070190,293.2969971,1.2101300,450.2709961,100.0080032,5132870.0000000,308.8120117,22.6308994,609.0000000,33224.3984375,22249.5000000,23033.0000000,387.0000000,1239.0000000,962.4569702,514.5020142,1.8173000,2267970.0000000,6137.7900391,1588.9799805,305.0289917,1.3218300,677.2529907,287.4540100,46142200.0000000,261.3900146,19.2740002,1276.0000000,58815.6992188,46906.5000000,156612.0000000,764.0000000,2443.0000000,1328.6400146,687.2390137,1.9276700,3681390.0000000,7061.9399414,1620.1400146,314.6340027,1.0780200,807.9979858,510.6310120,115077000.0000000,317.3420105,34.1865005,2099.0000000,87267.0000000,84037.8984375,358865.0000000,1206.0000000,3851.0000000,1494.9399414,758.1599731,1.9591800,4411770.0000000,7624.0498047,1637.4899902,325.2680054,1.0484500,990.9780273,717.1480103,223056000.0000000,363.6700134,40.0000000,2731.0000000,108522.0000000,109027.0000000,613346.0000000,1463.0000000,4716.0000000,1859.2299805,869.2299805,2.1066899,5539380.0000000,8738.8603516,1674.2900391,201.0570068,1.0970800,0,0.0000000,0.0000000,0.0000000,3121,0.000000000000000,0,none,0.0000000,0.0000000,0.0000000,0.0000000,0.2500000,0.5000000,0.0000000
32,20.213702167000001,3122,38.5844994,38.5844994,40.0000000,0.0000000,0.7500000,4.0000000,20.2136993,1.0000000,0.0000000,1.0000000,296.5230103,3.7900701,3.7900701,111.5619965,105.0810013,1831910.0000000,485.4129944,47.4247017,64.0000000,2266.3000488,3116.0000000,4591.0000000,43.0000000,136.0000000,119.1100006,78.5914001,1.5167300,68402.5000000,1052.8499756,337.3089905,171.8769989,1.2895800,151.6040039,112.4660034,3531350.0000000,549.6290283,39.1277008,211.0000000,13209.4003906,9841.5302734,6416.0000000,134.0000000,424.0000000,163.3269958,93.5622025,1.6940900,1013100.0000000,3857.8500977,733.7130127,293.1170044,1.1690400,453.6040039,146.0749969,6212870.0000000,338.7829895,22.8411999,632.0000000,33472.5000000,22747.9003906,25087.0000000,398.0000000,1276.0000000,957.6740112,501.1770020,1.8669699,2287880.0000000,6142.9702148,1551.9699707,305.2260132,1.3125499,671.0659790,339.0230103,39219400.0000000,218.2599945,19.8908005,1308.0000000,59652.6015625,48522.6015625,161550.0000000,786.0000000,2513.0000000,1295.8399658,655.6019897,1.9711699,3687600.0000000,7064.6699219,1584.5600586,315.0480042,1.0770400,801.1749878,564.7150269,93718704.0000000,254.5010071,34.8483009,2124.0000000,87721.2968750,85819.5000000,365018.0000000,1210.0000000,3864.0000000,1461.5999756,726.7639771,1.9988700,4411770.0000000,7624.0498047,1604.6899414,325.9049988,1.0484500,980.8079834,766.7949829,173644992.0000000,283.1109924,40.0000000,2731.0000000,108522.0000000,109027.0000000,613346.0000000,1463.0000000,4716.0000000,1821.7800293,837.4050293,2.1431601,5539380.0000000,8738.8603516,1678.4699707,199.7859955,1.0970800,0,0.0000000,0.0000000,0.0000000,3122,0.000000000000000,0,none,0.0000000,0.0000000,0.0000000,0.0000000,0.2500000,0.5000000,0.0000000
33,36.884722726299998,3123,38.6010017,38.6010017,40.0000000,0.0000000,0.7500000,4.0000000,36.8847008,1.0000000,93.7408981,1.0522300,216.6990051,24.4923000,24.4923000,112.1520004,47.7860985,966199.0000000,257.9219971,39.9771004,73.0000000,2338.7399902,3429.5600586,3857.0000000,50.0000000,159.0000000,146.5599976,97.2193985,1.5717900,64945.8984375,979.4470215,211.6609955,205.6770020,1.1754400,165.1470032,58.4636993,1993580.0000000,310.0759888,39.1377983,222.0000000,12237.7001953,9354.5400391,6427.0000000,146.0000000,464.0000000,206.3209991,121.1910019,1.6918600,906732.0000000,3853.5200195,939.7630005,295.4429932,1.3032500,483.6929932,110.8099976,7879390.0000000,276.7879944,24.2821999,688.0000000,36380.0000000,25215.6992188,35328.0000000,424.0000000,1363.0000000,1138.7600098,613.9349976,1.8337801,2391170.0000000,6159.8701172,1622.2399902,306.4750061,1.2627600,662.2739868,311.1099854,63545200.0000000,315.2510071,21.5727997,1372.0000000,60761.5000000,51437.6992188,176235.0000000,823.0000000,2632.0000000,1392.4200439,730.5999756,1.9021800,3739550.0000000,7117.4399414,1659.6099854,315.8389893,1.0779999,788.3029785,538.5609741,151402000.0000000,399.3739929,36.3690987,2164.0000000,87464.7031250,85179.8984375,379700.0000000,1219.0000000,3892.0000000,1561.0500488,795.7869873,1.9482501,4411770.0000000,7624.0498047,1682.5799561,326.1900024,1.0484500,959.5280151,729.4959717,271636000.0000000,442.8760071,40.0000000,2731.0000000,108522.0000000,109027.0000000,613346.0000000,1463.0000000,4716.0000000,1912.1800537,895.4890137,2.1070399,5539380.0000000,8738.8603516,1682.5799561,326.1900024,1.0970800,0,0.0000000,0.0000000,0.0000000,3123,0.000000000000000,0,none,0.0000000,0.0000000,0.0000000,0.0000000,0.2500000,0.5000000,0.0000000
34,11.634828583399999,3124,38.5927010,38.6010017,40.0000000,0.0000000,0.7500000,4.0000000,11.6348000,1.0000000,0.0000000,1.0000000,270.2690125,2.1823101,2.1815300,139.1959991,97.5184021,376179.0000000,104.3560028,31.7824001,51.0000000,1620.1199951,2941.5400391,3210.0000000,35.0000000,111.0000000,130.6250000,100.2949982,1.3388500,45486.3007812,845.7520142,208.0579987,229.7270050,1.2514000,207.6900024,109.1969986,772489.0000000,119.7679977,39.0533981,186.0000000,10203.4003906,8823.7402344,6391.0000000,115.0000000,363.0000000,204.8999939,128.4179993,1.5673500,780279.0000000,3415.2299805,690.9329834,295.6180115,1.1895500,459.6369934,134.1990051,2388630.0000000,94.3177032,21.9706993,568.0000000,29856.0000000,20581.3007812,20662.0000000,364.0000000,1165.0000000,987.8049927,528.5939941,1.7949400,1814480.0000000,5307.2202148,1265.0799561,300.2470093,1.2352999,684.5650024,307.4219971,17492400.0000000,88.0829010,18.0375004,1206.0000000,55857.1015625,44244.6015625,145098.0000000,725.0000000,2322.0000000,1394.1300049,717.5980225,1.9335001,3509040.0000000,6918.1699219,1659.2299805,315.0899963,1.0853900,817.6409912,530.5189819,42269300.0000000,111.0370026,33.0023003,2057.0000000,83535.7968750,79323.7031250,348005.0000000,1189.0000000,3796.0000000,1571.1899414,792.6489868,1.9684200,4281930.0000000,7496.9599609,1678.3000488,325.4649963,1.0445300,1006.1599731,745.3129883,74825504.0000000,121.9960022,40.0000000,2731.0000000,108522.0000000,109027.0000000,613346.0000000,1463.0000000,4716.0000000,1936.2099609,899.3480225,2.1231799,5539380.0000000,8738.8603516,1678.3000488,325.4649963,1.0970800,0,0.0000000,0.0000000,0.0000000,3124,0.000000000000000,0,no_73,0.0000000,0.0000000,0.0000000,0.0000000,0.2500000,0.5000000,0.0000000
35,11.634929053600001,3125,38.5844994,38.5927010,40.0000000,0.0000000,0.7500000,5.0000000,11.6349001,1.0000000,0.0000000,1.0000000,270.2699890,2.1823201,2.1815500,141.2019958,97.1539993,138841.0000000,39.2018013,31.7824001,50.0000000,1610.6800537,2941.5400391,3209.0000000,34.0000000,108.0000000,141.3619995,109.8130035,1.3092000,45486.3007812,845.7520142,216.8829956,231.7579956,1.2514000,209.7859955,108.7389984,274569.0000000,42.6198997,39.0349998,185.0000000,10004.7001953,8739.5097656,6390.0000000,113.0000000,356.0000000,216.0039978,138.4409943,1.5300900,780279.0000000,3415.2299805,701.4479980,295.2109985,1.1895500,451.4769897,131.2749939,801835.0000000,32.8904991,21.6504002,562.0000000,29524.4003906,20411.0000000,19236.0000000,357.0000000,1142.0000000,971.8010254,524.7810059,1.7678300,1784660.0000000,5247.6098633,1275.1700439,299.9859924,1.2278800,685.2260132,303.9660034,5982730.0000000,30.2842999,17.6357994,1199.0000000,55773.0000000,43823.3984375,143194.0000000,721.0000000,2308.0000000,1404.9799805,724.7349854,1.9284600,3509040.0000000,6918.1699219,1667.5000000,314.8080139,1.0853900,819.1820068,527.6740112,14509200.0000000,38.1705017,32.7762985,2054.0000000,83524.6015625,79314.0000000,346775.0000000,1187.0000000,3790.0000000,1583.0300293,801.0339966,1.9623200,4281930.0000000,7496.9599609,1684.9699707,325.1400146,1.0445300,1008.3400269,743.3140259,25766900.0000000,42.0103989,40.0000000,2731.0000000,108522.0000000,109027.0000000,613346.0000000,1463.0000000,4716.0000000,1947.8399658,907.9730225,2.1153200,5539380.0000000,8738.8603516,1684.9699707,325.1400146,1.0970800,0,0.0000000,0.0000000,0.0000000,3125,0.000000000000000,0,no_73,0.0000000,0.0000000,0.0000000,0.0000000,0.2500000,0.5000000,0.0000000
36,54.849301114500001,3126,38.5844994,38.6010017,40.0000000,0.0000000,0.7500000,3.0000000,54.8493004,1.0000000,90.6008987,1.3696899,243.0919952,27.2735004,27.2719002,138.4080048,26.1905994,108133.0000000,32.7874985,26.3563995,39.0000000,1100.3699951,1688.8900146,2730.0000000,27.0000000,86.0000000,170.6289978,105.9260025,1.7787000,32809.5000000,736.7290039,201.8399963,302.2149963,1.3164500,220.6439972,39.4371986,253493.0000000,39.2473984,38.8300018,161.0000000,8535.8398438,7721.0200195,6365.0000000,99.0000000,311.0000000,261.6319885,134.5140076,1.9826100,571968.0000000,2898.0200195,652.0889893,86.9458008,1.1684800,297.0060120,42.8176994,328453.0000000,29.8766003,20.0121002,440.0000000,24002.8007812,15714.7998047,8239.0000000,289.0000000,922.0000000,456.4200134,239.8919983,1.9619401,1492190.0000000,4832.8500977,1144.0000000,298.6170044,1.2455900,695.3790283,171.1959991,4040930.0000000,26.3820000,12.7848997,1028.0000000,50918.1992188,37629.1015625,101486.0000000,628.0000000,2022.0000000,1363.3699951,716.1550293,1.9121500,3087310.0000000,6601.0000000,1643.6199951,307.2919922,1.1231300,833.7319946,375.6440125,11461500.0000000,33.2680016,26.5435009,1868.0000000,77870.0000000,71117.1015625,286566.0000000,1103.0000000,3527.0000000,1529.7900391,788.3209839,1.9362600,4208740.0000000,7456.1801758,1698.6199951,325.8389893,1.0511600,1056.0999756,641.9400024,24532800.0000000,39.9982986,40.0000000,2731.0000000,108522.0000000,109027.0000000,613346.0000000,1463.0000000,4716.0000000,1942.9499512,911.8270264,2.1059899,5539380.0000000,8738.8603516,1698.6199951,325.8389893,1.0970800,0,0.0000000,0.0000000,0.0000000,3126,0.000000000000000,0,no_73,0.0000000,0.0000000,0.0000000,0.0000000,0.2500000,0.5000000,0.0000000
37,6.837101388710000,3127,38.6010017,38.5980988,40.0000000,0.0000000,0.7500000,4.0000000,6.8371000,1.0000000,0.0000000,1.0000000,213.5119934,1.2819600,1.2822300,118.3140030,157.5079956,1009340.0000000,269.0530090,44.8511009,81.0000000,2610.1899414,3558.8400879,4334.0000000,59.0000000,187.0000000,127.1370010,98.4970016,1.3320800,71725.7968750,1044.5899658,251.2400055,174.4290009,1.2106100,162.1239929,166.0059967,2078260.0000000,325.7940063,39.3249016,240.0000000,15086.7998047,10554.5000000,6447.0000000,154.0000000,489.0000000,175.5859985,117.4449997,1.4512300,1158980.0000000,4138.6401367,934.4489746,296.6539917,1.1760600,484.4649963,223.1549988,8296790.0000000,232.8760071,24.6716995,710.0000000,37478.3984375,26341.4003906,37777.0000000,437.0000000,1405.0000000,1137.0600586,621.6229858,1.7775199,2461790.0000000,6233.8798828,1620.7199707,307.1969910,1.2561899,659.9780273,430.0429993,37096300.0000000,166.4459991,22.3262005,1407.0000000,62365.8984375,52832.6992188,182986.0000000,851.0000000,2719.0000000,1384.9399414,735.6900024,1.8712400,3756300.0000000,7130.8100586,1661.4399414,316.5429993,1.0772300,783.6810303,656.3729858,77993000.0000000,197.2579956,37.1663017,2179.0000000,89097.0000000,87034.2968750,385054.0000000,1226.0000000,3913.0000000,1547.0899658,796.5960083,1.9249400,4427080.0000000,7630.5600586,1688.0300293,326.8619995,1.0466100,951.8839722,843.1550293,124961000.0000000,203.7369995,40.0000000,2731.0000000,108522.0000000,109027.0000000,613346.0000000,1463.0000000,4716.0000000,1896.9599609,893.2860107,2.0940599,5539380.0000000,8738.8603516,1688.0300293,326.8619995,1.0970800,0,0.0000000,0.0000000,0.0000000,3127,0.000000000000000,0,none,0.0000000,0.0000000,0.0000000,0.0000000,0.2500000,0.5000000,0.0000000
38,16.499498961000000,3128,38.5980988,38.5909996,40.0000000,0.0000000,0.7500000,5.0000000,16.4995003,1.0000000,0.0000000,1.0000000,213.5110016,3.0936601,3.0943201,119.9530029,103.5080032,1267640.0000000,352.7590027,44.8103981,81.0000000,2610.1899414,3558.8400879,4334.0000000,56.0000000,178.0000000,132.9490051,99.2942963,1.3896300,71725.7968750,1044.5899658,242.4049988,172.6670074,1.2106100,163.5220032,111.9459991,2674270.0000000,416.8450012,39.1973991,236.0000000,14713.5996094,10491.9003906,6443.0000000,153.0000000,486.0000000,180.5910034,117.3300018,1.5051800,1088950.0000000,4095.9899902,933.1290283,297.3659973,1.2260300,484.5060120,167.7720032,6259350.0000000,213.1649933,24.5792999,706.0000000,37399.5000000,26282.5996094,37114.0000000,434.0000000,1396.0000000,1142.4699707,620.4260254,1.7953100,2461790.0000000,6233.8798828,1621.5100098,307.6090088,1.2561899,659.0999756,370.2179871,23470200.0000000,111.0159988,21.9591007,1399.0000000,62026.1015625,52156.1015625,179061.0000000,847.0000000,2706.0000000,1391.6600342,736.1439819,1.8804400,3756300.0000000,7130.8100586,1664.1099854,316.9349976,1.0772300,784.7589722,598.9359741,48135600.0000000,122.7580032,36.9480019,2175.0000000,88889.0000000,86984.2031250,383094.0000000,1225.0000000,3910.0000000,1558.9899902,798.5850220,1.9357800,4411770.0000000,7624.0498047,1692.6899414,327.2250061,1.0484500,954.0650024,787.3380127,76762000.0000000,125.1529999,40.0000000,2731.0000000,108522.0000000,109027.0000000,613346.0000000,1463.0000000,4716.0000000,1908.5600586,893.5499878,2.1084299,5539380.0000000,8738.8603516,1692.6899414,327.2250061,1.0970800,0,0.0000000,0.0000000,0.0000000,3128,0.000000000000000,0,none,0.0000000,0.0000000,0.0000000,0.0000000,0.2500000,0.5000000,0.0000000
39,53.619245543600002,3129,38.5909996,38.5681992,40.0000000,0.0000000,0.7500000,5.0000000,53.6193008,1.0000000,0.0000000,1.0000000,213.5110016,10.0536003,10.0557003,125.1800003,60.6990013,951833.0000000,277.4769897,44.2700005,78.0000000,2527.6599121,3516.6398926,4292.0000000,53.0000000,167.0000000,164.3110046,108.4540024,1.7909800,71725.7968750,1044.5899658,217.4720001,166.5169983,1.2106100,168.8650055,69.1555023,2215770.0000000,343.7430115,39.2397995,231.0000000,14454.0996094,10343.7998047,6436.0000000,148.0000000,470.0000000,209.7640076,123.3359985,1.8469400,1114390.0000000,4102.4902344,930.0319824,299.5159912,1.2018400,485.1759949,121.3909988,3415810.0000000,148.7149963,24.3505001,693.0000000,36919.6015625,25557.0996094,35333.0000000,427.0000000,1372.0000000,1165.0999756,620.6240234,1.8813400,2463390.0000000,6252.3300781,1624.3900146,308.8429871,1.2628200,663.4320068,321.3829956,9302480.0000000,49.5397987,21.5541992,1378.0000000,61595.1015625,51570.0000000,176241.0000000,827.0000000,2644.0000000,1423.0500488,744.0609741,1.9135100,3707880.0000000,7090.2001953,1677.3000488,329.5270081,1.0789000,788.3179932,546.5939941,17763300.0000000,46.2673988,36.3690987,2162.0000000,88398.1015625,86420.5000000,377741.0000000,1219.0000000,3892.0000000,1592.6099854,804.2249756,1.9698100,4411770.0000000,7624.0498047,1707.0899658,328.3030090,1.0484500,960.6279907,739.3159790,27755600.0000000,45.2527008,40.0000000,2731.0000000,108522.0000000,109027.0000000,613346.0000000,1463.0000000,4716.0000000,1943.5600586,895.1450195,2.1525600,5539380.0000000,8738.8603516,1711.5300293,346.5549927,1.0970800,0,0.0000000,0.0000000,0.0000000,3129,0.000000000000000,0,none,0.0000000,0.0000000,0.0000000,0.0000000,0.2500000,0.5000000,0.0000000
40,26.043683312399999,3338,38.6010017,38.5980988,40.0000000,0.0000000,0.7500000,2.0000000,26.0436993,1.0000000,0.0000000,1.0000000,273.8859863,4.8831902,4.8834600,118.5400009,72.7985001,177333.0000000,41.8560982,44.1904984,51.0000000,1901.4200439,2691.2900391,4460.0000000,34.0000000,108.0000000,123.7259979,91.4854965,1.4571500,47483.6992188,921.2039795,253.1390076,176.8650055,1.4221900,152.7769928,81.3636017,255073.0000000,39.3050995,38.9431992,200.0000000,11834.2998047,8946.6699219,6404.0000000,130.0000000,412.0000000,152.3679962,105.1480026,1.4861000,919788.0000000,3769.7600098,778.0239868,297.8160095,1.2295099,455.5199890,114.3750000,992813.0000000,31.3153000,22.7164993,616.0000000,32385.1992188,21819.0000000,24850.0000000,390.0000000,1251.0000000,931.4569702,543.5159912,1.6687900,2287880.0000000,6142.9702148,1607.0200195,307.1340027,1.3125499,674.0369873,305.4800110,6422530.0000000,29.8833008,19.7798996,1299.0000000,59315.8007812,47767.1992188,160591.0000000,781.0000000,2497.0000000,1263.8900146,712.3959961,1.7666200,3687600.0000000,7064.6699219,1647.6300049,316.5599976,1.0770400,803.5759888,528.8920288,14496000.0000000,37.2849998,34.5759010,2114.0000000,87532.0000000,85390.5000000,362489.0000000,1208.0000000,3857.0000000,1429.7199707,779.8259888,1.8162400,4411770.0000000,7624.0498047,1674.5400391,326.9630127,1.0484500,984.5939941,732.8649902,24532800.0000000,39.9982986,40.0000000,2731.0000000,108522.0000000,109027.0000000,613346.0000000,1463.0000000,4716.0000000,1791.9599609,881.5460205,1.9997400,5539380.0000000,8738.8603516,1674.5400391,326.9630127,1.0970800,240004162,0.0000000,0.0000000,0.0000000,3338,0.000000000000000,0,none,0.0000000,0.0000000,0.0000000,0.0000000,0.2500000,0.5000000,0.0000000
41,24.881126617100001,3339,38.5980988,38.5980988,40.0000000,0.0000000,0.7500000,4.0000000,24.8810997,1.0000000,0.0000000,1.0000000,302.6820068,4.6652098,4.6652098,113.3539963,101.4130020,1688930.0000000,421.5450134,55.3988991,69.0000000,2398.4199219,3244.2600098,5337.0000000,47.0000000,149.0000000,122.5530014,95.1768036,1.3272500,68402.5000000,1052.8499756,256.5079956,171.7339935,1.2895800,134.3509979,106.1149979,3540340.0000000,553.5150146,39.1945992,222.0000000,13958.0000000,10098.7998047,6427.0000000,143.0000000,454.0000000,148.6560059,106.8339996,1.3798500,1073000.0000000,3920.1799316,803.1760254,297.4739990,1.1397200,470.4830017,150.2209930,4684730.0000000,236.8370056,23.5163002,665.0000000,34834.6015625,23981.6992188,30963.0000000,411.0000000,1319.0000000,994.8649902,583.1199951,1.6510500,2295830.0000000,6165.6201172,1608.5500488,307.3540039,1.3176600,666.5529785,346.5809937,10336800.0000000,61.2995987,20.7304993,1348.0000000,60610.8007812,49840.1992188,169726.0000000,816.0000000,2608.0000000,1270.1800537,720.3439941,1.7521400,3687600.0000000,7064.6699219,1650.1500244,316.7630005,1.0770400,792.8679810,569.3469849,18343400.0000000,48.8825989,35.3235016,2142.0000000,88027.7968750,86140.0000000,369628.0000000,1214.0000000,3876.0000000,1432.7900391,783.6729736,1.8093801,4411770.0000000,7624.0498047,1678.0600586,327.1430054,1.0484500,970.0349731,768.5770264,28094500.0000000,45.8054008,40.0000000,2731.0000000,108522.0000000,109027.0000000,613346.0000000,1463.0000000,4716.0000000,1791.3000488,882.6220093,1.9960001,5539380.0000000,8738.8603516,1678.0600586,327.1430054,1.0970800,0,0.0000000,0.0000000,0.0000000,3339,0.000000000000000,0,none,0.0000000,0.0000000,0.0000000,0.0000000,0.2500000,0.5000000,0.0000000
42,10.125887636200000,3340,38.5980988,38.5980988,40.0000000,0.0000000,0.7500000,5.0000000,10.1259003,1.0000000,2.9859400,1.0003400,301.1799927,2.4584701,2.4584701,114.0830002,150.6779938,3166360.0000000,755.4199829,61.1072006,70.0000000,2370.0200195,3227.5700684,5806.0000000,47.0000000,149.0000000,86.8567963,66.3783035,1.2783000,68030.2031250,1046.6400146,317.2460022,160.4559937,1.2813900,127.8119965,153.2050018,5874460.0000000,909.4869995,39.1188011,231.0000000,14419.2001953,10006.2001953,6435.0000000,146.0000000,464.0000000,110.5910034,75.1066971,1.3672700,1117910.0000000,4122.2998047,870.5570068,296.4360046,1.2096500,477.4450073,205.4660034,14270200.0000000,557.5900269,24.2045994,690.0000000,36694.8007812,25058.3007812,35330.0000000,427.0000000,1372.0000000,980.0150146,555.3800049,1.7018800,2465700.0000000,6252.4501953,1557.2800293,307.5079956,1.2616800,661.6129761,405.5639954,72577600.0000000,357.1589966,21.5557003,1381.0000000,61673.8984375,51671.1992188,176244.0000000,831.0000000,2657.0000000,1222.3000488,675.0839844,1.7975301,3739550.0000000,7117.4399414,1601.3499756,329.1669922,1.0779999,787.2860107,630.8579712,160890000.0000000,418.9630127,36.3690987,2162.0000000,88398.1015625,86420.5000000,377741.0000000,1219.0000000,3892.0000000,1389.7399902,739.1090088,1.8590400,4411770.0000000,7624.0498047,1631.3699951,327.8919983,1.0484500,959.8619995,823.6350098,274420992.0000000,447.4159851,40.0000000,2731.0000000,108522.0000000,109027.0000000,613346.0000000,1463.0000000,4716.0000000,1739.9699707,838.7329712,2.0387101,5539380.0000000,8738.8603516,1635.9799805,346.9979858,1.0970800,0,0.0000000,0.0000000,0.0000000,3340,0.000000000000000,0,none,0.0000000,0.0000000,0.0000000,0.0000000,0.2500000,0.5000000,0.0000000
